DESC version=0.17.3+411.g8a54240a7.
Using JAX backend: jax version=0.9.2, jaxlib version=0.9.2, dtype=float64.
Using device: NVIDIA A100-PCIE-40GB (id=0), with 40.00 GB available memory.
Building objective: force
Precomputing transforms
Timer: Precomputing transforms = 3.13 sec
Timer: Objective build = 4.41 sec
Building objective: fixed LCFS R
Building objective: fixed LCFS Z
Building objective: fixed Psi
Building objective: fixed pressure
Building objective: fixed current
Building objective: fixed sheet current
Building objective: self_consistency lcfs R
Building objective: self_consistency lcfs Z
Building objective: lambda gauge
Building objective: self_consistency axis R
Building objective: self_consistency axis Z
Timer: Objective build = 1.86 sec
Timer: LinearConstraintProjection build = 6.89 sec
Number of parameters: 1892
Number of objectives: 11154
Timer: Initializing the optimization = 13.5 sec

Starting optimization
Using method: lsq-exact
Solver options:
------------------------------------------------------------
Maximum Function Evaluations       : 5001
Maximum Allowed Total Δx Norm      : inf
Scaled Termination                 : True
Trust Region Method                : qr
Initial Trust Radius               : 4.653e+03
Maximum Trust Radius               : inf
Minimum Trust Radius               : 2.220e-16
Trust Radius Increase Ratio        : 2.000e+00
Trust Radius Decrease Ratio        : 2.500e-01
Trust Radius Increase Threshold    : 7.500e-01
Trust Radius Decrease Threshold    : 2.500e-01
------------------------------------------------------------ 

   Iteration     Total nfev        Cost      Cost reduction    Step norm     Optimality   
       0              1          3.201e-08                                    5.543e-06   
       1              5          9.884e-09      2.213e-08      7.481e-04      7.747e-06   
       2              7          7.373e-09      2.511e-09      2.501e-04      1.559e-06   
       3              8          6.549e-09      8.244e-10      4.367e-04      7.797e-06   
       4              9          5.851e-09      6.982e-10      4.123e-04      7.363e-06   
       5             11          5.471e-09      3.796e-10      2.033e-04      1.410e-06   
       6             12          5.362e-09      1.087e-10      3.355e-04      4.277e-06   
       7             13          5.207e-09      1.553e-10      2.672e-04      4.101e-06   
       8             14          5.090e-09      1.175e-10      2.310e-04      4.987e-06   
       9             15          4.981e-09      1.083e-10      2.175e-04      5.749e-06   
      10             16          4.877e-09      1.040e-10      2.128e-04      6.171e-06   
      11             17          4.778e-09      9.902e-11      2.110e-04      6.347e-06   
      12             18          4.685e-09      9.313e-11      2.103e-04      6.356e-06   
      13             19          4.598e-09      8.671e-11      2.101e-04      6.247e-06   
      14             20          4.518e-09      8.018e-11      2.100e-04      6.055e-06   
      15             21          4.444e-09      7.384e-11      2.098e-04      5.803e-06   
      16             22          4.377e-09      6.787e-11      2.095e-04      5.511e-06   
      17             23          4.314e-09      6.240e-11      2.089e-04      5.195e-06   
      18             24          4.257e-09      5.752e-11      2.079e-04      4.913e-06   
      19             25          4.203e-09      5.327e-11      2.067e-04      4.709e-06   
      20             26          4.154e-09      4.962e-11      2.052e-04      4.514e-06   
      21             27          4.107e-09      4.650e-11      2.036e-04      4.334e-06   
      22             28          4.063e-09      4.387e-11      2.019e-04      4.172e-06   
      23             29          4.022e-09      4.165e-11      2.004e-04      4.032e-06   
      24             30          3.982e-09      3.981e-11      1.990e-04      3.914e-06   
      25             31          3.944e-09      3.828e-11      1.977e-04      3.911e-06   
      26             32          3.907e-09      3.700e-11      1.966e-04      4.023e-06   
      27             33          3.871e-09      3.594e-11      1.956e-04      4.106e-06   
      28             34          3.836e-09      3.502e-11      1.948e-04      4.166e-06   
      29             35          3.801e-09      3.422e-11      1.940e-04      4.206e-06   
      30             36          3.768e-09      3.349e-11      1.934e-04      4.229e-06   
      31             37          3.735e-09      3.281e-11      1.927e-04      4.240e-06   
      32             38          3.703e-09      3.217e-11      1.922e-04      4.241e-06   
      33             39          3.671e-09      3.155e-11      1.917e-04      4.233e-06   
      34             40          3.641e-09      3.094e-11      1.912e-04      4.218e-06   
      35             41          3.610e-09      3.036e-11      1.907e-04      4.199e-06   
      36             42          3.580e-09      2.979e-11      1.903e-04      4.176e-06   
      37             43          3.551e-09      2.924e-11      1.899e-04      4.151e-06   
      38             44          3.522e-09      2.871e-11      1.895e-04      4.124e-06   
      39             45          3.494e-09      2.820e-11      1.892e-04      4.095e-06   
      40             46          3.467e-09      2.770e-11      1.888e-04      4.081e-06   
      41             47          3.439e-09      2.723e-11      1.886e-04      4.128e-06   
      42             48          3.413e-09      2.677e-11      1.883e-04      4.173e-06   
      43             49          3.386e-09      2.633e-11      1.881e-04      4.215e-06   
      44             50          3.360e-09      2.591e-11      1.879e-04      4.255e-06   
      45             51          3.335e-09      2.551e-11      1.877e-04      4.292e-06   
      46             52          3.310e-09      2.512e-11      1.875e-04      4.325e-06   
      47             53          3.227e-09      8.292e-11      4.735e-05      2.589e-07   
      48             54          3.219e-09      8.196e-12      9.402e-05      1.065e-06   
      49             55          3.206e-09      1.257e-11      9.393e-05      1.067e-06   
      50             56          3.194e-09      1.240e-11      9.385e-05      1.076e-06   
      51             57          3.181e-09      1.233e-11      9.380e-05      1.082e-06   
      52             58          3.169e-09      1.223e-11      9.375e-05      1.087e-06   
      53             59          3.157e-09      1.215e-11      9.371e-05      1.092e-06   
      54             60          3.145e-09      1.206e-11      9.368e-05      1.096e-06   
      55             61          3.133e-09      1.197e-11      9.365e-05      1.099e-06   
      56             62          3.121e-09      1.188e-11      9.362e-05      1.103e-06   
      57             63          3.109e-09      1.180e-11      9.359e-05      1.105e-06   
      58             64          3.097e-09      1.172e-11      9.356e-05      1.108e-06   
      59             65          3.086e-09      1.163e-11      9.354e-05      1.111e-06   
      60             66          3.074e-09      1.155e-11      9.351e-05      1.113e-06   
      61             67          3.063e-09      1.147e-11      9.349e-05      1.116e-06   
      62             68          3.051e-09      1.139e-11      9.346e-05      1.118e-06   
      63             69          3.040e-09      1.131e-11      9.344e-05      1.120e-06   
      64             70          3.029e-09      1.123e-11      9.342e-05      1.122e-06   
      65             71          3.018e-09      1.115e-11      9.339e-05      1.125e-06   
      66             72          3.007e-09      1.108e-11      9.337e-05      1.127e-06   
      67             73          2.996e-09      1.100e-11      9.335e-05      1.129e-06   
      68             74          2.985e-09      1.092e-11      9.332e-05      1.131e-06   
      69             75          2.974e-09      1.085e-11      9.330e-05      1.133e-06   
      70             76          2.963e-09      1.077e-11      9.327e-05      1.134e-06   
      71             77          2.952e-09      1.070e-11      9.324e-05      1.136e-06   
      72             78          2.942e-09      1.063e-11      9.321e-05      1.138e-06   
      73             79          2.931e-09      1.056e-11      9.319e-05      1.140e-06   
      74             80          2.921e-09      1.048e-11      9.316e-05      1.142e-06   
      75             81          2.910e-09      1.041e-11      9.313e-05      1.144e-06   
      76             82          2.900e-09      1.034e-11      9.309e-05      1.146e-06   
      77             83          2.890e-09      1.027e-11      9.306e-05      1.148e-06   
      78             84          2.879e-09      1.020e-11      9.303e-05      1.150e-06   
      79             85          2.869e-09      1.013e-11      9.300e-05      1.152e-06   
      80             86          2.859e-09      1.007e-11      9.296e-05      1.154e-06   
      81             87          2.849e-09      9.999e-12      9.293e-05      1.156e-06   
      82             88          2.839e-09      9.932e-12      9.290e-05      1.157e-06   
      83             89          2.829e-09      9.866e-12      9.286e-05      1.159e-06   
      84             90          2.820e-09      9.800e-12      9.283e-05      1.161e-06   
      85             91          2.810e-09      9.735e-12      9.279e-05      1.163e-06   
      86             92          2.800e-09      9.671e-12      9.276e-05      1.165e-06   
      87             93          2.791e-09      9.607e-12      9.272e-05      1.167e-06   
      88             94          2.781e-09      9.544e-12      9.269e-05      1.168e-06   
      89             95          2.772e-09      9.482e-12      9.266e-05      1.170e-06   
      90             96          2.762e-09      9.421e-12      9.262e-05      1.172e-06   
      91             97          2.753e-09      9.360e-12      9.259e-05      1.173e-06   
      92             98          2.744e-09      9.300e-12      9.256e-05      1.175e-06   
      93             99          2.734e-09      9.241e-12      9.253e-05      1.176e-06   
      94             100         2.725e-09      9.182e-12      9.250e-05      1.178e-06   
      95             101         2.716e-09      9.124e-12      9.246e-05      1.179e-06   
      96             102         2.707e-09      9.067e-12      9.244e-05      1.181e-06   
      97             103         2.698e-09      9.011e-12      9.241e-05      1.182e-06   
      98             104         2.689e-09      8.956e-12      9.238e-05      1.183e-06   
      99             105         2.680e-09      8.901e-12      9.235e-05      1.184e-06   
      100            106         2.671e-09      8.847e-12      9.233e-05      1.185e-06   
      101            107         2.662e-09      8.794e-12      9.230e-05      1.186e-06   
      102            108         2.654e-09      8.742e-12      9.228e-05      1.187e-06   
      103            109         2.645e-09      8.691e-12      9.226e-05      1.188e-06   
      104            110         2.636e-09      8.640e-12      9.223e-05      1.189e-06   
      105            111         2.628e-09      8.590e-12      9.221e-05      1.189e-06   
      106            112         2.619e-09      8.541e-12      9.219e-05      1.190e-06   
      107            113         2.611e-09      8.492e-12      9.218e-05      1.190e-06   
      108            114         2.602e-09      8.444e-12      9.216e-05      1.191e-06   
      109            115         2.594e-09      8.397e-12      9.214e-05      1.191e-06   
      110            116         2.586e-09      8.351e-12      9.213e-05      1.192e-06   
      111            117         2.577e-09      8.305e-12      9.212e-05      1.192e-06   
      112            118         2.569e-09      8.260e-12      9.210e-05      1.192e-06   
      113            119         2.561e-09      8.215e-12      9.209e-05      1.193e-06   
      114            120         2.553e-09      8.171e-12      9.208e-05      1.193e-06   
      115            121         2.544e-09      8.127e-12      9.208e-05      1.193e-06   
      116            122         2.536e-09      8.084e-12      9.207e-05      1.193e-06   
      117            123         2.528e-09      8.041e-12      9.206e-05      1.193e-06   
      118            124         2.520e-09      7.999e-12      9.206e-05      1.193e-06   
      119            125         2.512e-09      7.957e-12      9.206e-05      1.193e-06   
      120            126         2.504e-09      7.915e-12      9.205e-05      1.193e-06   
      121            127         2.497e-09      7.873e-12      9.205e-05      1.193e-06   
      122            128         2.489e-09      7.831e-12      9.205e-05      1.193e-06   
      123            129         2.481e-09      7.789e-12      9.205e-05      1.193e-06   
      124            130         2.473e-09      7.746e-12      9.206e-05      1.193e-06   
      125            131         2.466e-09      7.704e-12      9.206e-05      1.193e-06   
      126            132         2.458e-09      7.661e-12      9.207e-05      1.193e-06   
      127            133         2.450e-09      7.617e-12      9.207e-05      1.193e-06   
      128            134         2.443e-09      7.572e-12      9.208e-05      1.194e-06   
      129            135         2.435e-09      7.527e-12      9.209e-05      1.194e-06   
      130            136         2.428e-09      7.481e-12      9.209e-05      1.195e-06   
      131            137         2.420e-09      7.434e-12      9.210e-05      1.195e-06   
      132            138         2.413e-09      7.385e-12      9.211e-05      1.196e-06   
      133            139         2.406e-09      7.336e-12      9.212e-05      1.197e-06   
      134            140         2.398e-09      7.285e-12      9.213e-05      1.197e-06   
      135            141         2.391e-09      7.232e-12      9.214e-05      1.199e-06   
      136            142         2.384e-09      7.178e-12      9.215e-05      1.200e-06   
      137            143         2.377e-09      7.123e-12      9.215e-05      1.201e-06   
      138            144         2.370e-09      7.066e-12      9.216e-05      1.202e-06   
      139            145         2.363e-09      7.007e-12      9.217e-05      1.204e-06   
      140            146         2.356e-09      6.947e-12      9.217e-05      1.206e-06   
      141            147         2.349e-09      6.885e-12      9.218e-05      1.207e-06   
      142            148         2.342e-09      6.821e-12      9.218e-05      1.209e-06   
      143            149         2.335e-09      6.756e-12      9.218e-05      1.211e-06   
      144            150         2.329e-09      6.689e-12      9.218e-05      1.213e-06   
      145            151         2.322e-09      6.621e-12      9.217e-05      1.214e-06   
      146            152         2.315e-09      6.442e-12      9.216e-05      1.229e-06   
      147            153         2.309e-09      6.478e-12      9.216e-05      1.231e-06   
      148            154         2.303e-09      6.404e-12      9.215e-05      1.232e-06   
      149            155         2.296e-09      6.331e-12      9.214e-05      1.234e-06   
      150            156         2.290e-09      6.256e-12      9.212e-05      1.236e-06   
      151            157         2.284e-09      6.179e-12      9.211e-05      1.237e-06   
      152            158         2.278e-09      6.102e-12      9.209e-05      1.238e-06   
      153            159         2.272e-09      6.024e-12      9.207e-05      1.239e-06   
      154            160         2.266e-09      5.945e-12      9.205e-05      1.240e-06   
      155            161         2.260e-09      5.865e-12      9.202e-05      1.240e-06   
      156            162         2.254e-09      5.785e-12      9.199e-05      1.240e-06   
      157            163         2.248e-09      5.704e-12      9.197e-05      1.240e-06   
      158            164         2.243e-09      5.623e-12      9.193e-05      1.240e-06   
      159            165         2.237e-09      5.541e-12      9.190e-05      1.239e-06   
      160            166         2.232e-09      5.459e-12      9.187e-05      1.238e-06   
      161            167         2.226e-09      5.377e-12      9.183e-05      1.236e-06   
      162            168         2.221e-09      5.295e-12      9.179e-05      1.234e-06   
      163            169         2.216e-09      5.212e-12      9.175e-05      1.232e-06   
      164            170         2.211e-09      5.130e-12      9.171e-05      1.230e-06   
      165            171         2.206e-09      5.049e-12      9.166e-05      1.227e-06   
      166            172         2.201e-09      4.967e-12      9.162e-05      1.224e-06   
      167            173         2.196e-09      4.886e-12      9.157e-05      1.220e-06   
      168            174         2.191e-09      4.806e-12      9.153e-05      1.216e-06   
      169            175         2.186e-09      4.726e-12      9.148e-05      1.212e-06   
      170            176         2.182e-09      4.647e-12      9.143e-05      1.207e-06   
      171            177         2.177e-09      4.569e-12      9.139e-05      1.202e-06   
      172            178         2.173e-09      4.492e-12      9.134e-05      1.197e-06   
      173            179         2.168e-09      4.417e-12      9.130e-05      1.192e-06   
      174            180         2.164e-09      4.342e-12      9.125e-05      1.186e-06   
      175            181         2.160e-09      4.269e-12      9.121e-05      1.179e-06   
      176            182         2.155e-09      4.197e-12      9.118e-05      1.172e-06   
      177            183         2.151e-09      4.127e-12      9.114e-05      1.165e-06   
      178            184         2.147e-09      4.058e-12      9.112e-05      1.157e-06   
      179            185         2.143e-09      3.991e-12      9.110e-05      1.149e-06   
      180            186         2.139e-09      3.926e-12      9.108e-05      1.140e-06   
      181            187         2.135e-09      3.863e-12      9.108e-05      1.131e-06   
      182            188         2.132e-09      3.801e-12      9.109e-05      1.121e-06   
      183            189         2.128e-09      3.741e-12      9.111e-05      1.111e-06   
      184            190         2.124e-09      3.684e-12      9.114e-05      1.099e-06   
      185            191         2.121e-09      3.628e-12      9.118e-05      1.087e-06   
      186            192         2.117e-09      3.574e-12      9.124e-05      1.075e-06   
      187            193         2.113e-09      3.522e-12      9.132e-05      1.061e-06   
      188            194         2.110e-09      3.471e-12      9.141e-05      1.047e-06   
      189            195         2.107e-09      3.422e-12      9.152e-05      1.032e-06   
      190            196         2.103e-09      3.375e-12      9.165e-05      1.016e-06   
      191            197         2.100e-09      3.329e-12      9.179e-05      9.991e-07   
      192            198         2.097e-09      3.285e-12      9.195e-05      9.816e-07   
      193            199         2.093e-09      3.241e-12      9.213e-05      9.632e-07   
      194            200         2.090e-09      3.198e-12      9.231e-05      9.441e-07   
      195            201         2.087e-09      3.156e-12      9.252e-05      9.242e-07   
      196            202         2.084e-09      3.114e-12      9.273e-05      9.036e-07   
      197            203         2.081e-09      3.073e-12      9.295e-05      8.824e-07   
      198            204         2.078e-09      3.032e-12      9.318e-05      8.605e-07   
      199            205         2.075e-09      2.990e-12      9.342e-05      8.381e-07   
      200            206         2.072e-09      2.949e-12      9.366e-05      8.152e-07   
      201            207         2.069e-09      2.907e-12      9.391e-05      7.919e-07   
      202            208         2.066e-09      2.864e-12      9.416e-05      7.682e-07   
      203            209         2.063e-09      2.822e-12      9.440e-05      7.443e-07   
      204            210         2.060e-09      2.779e-12      9.465e-05      7.203e-07   
      205            211         2.058e-09      2.735e-12      9.489e-05      6.962e-07   
      206            212         2.055e-09      2.692e-12      9.513e-05      6.721e-07   
      207            213         2.052e-09      2.648e-12      9.537e-05      6.482e-07   
      208            214         2.050e-09      2.605e-12      9.560e-05      6.245e-07   
      209            215         2.047e-09      2.561e-12      9.582e-05      6.012e-07   
      210            216         2.045e-09      2.518e-12      9.603e-05      5.784e-07   
      211            217         2.042e-09      2.476e-12      9.623e-05      5.561e-07   
      212            218         2.040e-09      2.433e-12      9.642e-05      5.344e-07   
      213            219         2.037e-09      2.392e-12      9.659e-05      5.153e-07   
      214            220         2.035e-09      2.351e-12      9.675e-05      4.979e-07   
      215            221         2.033e-09      2.310e-12      9.689e-05      4.853e-07   
      216            222         2.030e-09      2.270e-12      9.700e-05      4.904e-07   
      217            223         2.028e-09      2.231e-12      9.710e-05      4.955e-07   
      218            224         2.026e-09      2.192e-12      9.717e-05      5.003e-07   
      219            225         2.024e-09      2.153e-12      9.722e-05      5.048e-07   
      220            226         2.022e-09      2.114e-12      9.724e-05      5.090e-07   
      221            227         2.020e-09      2.076e-12      9.724e-05      5.129e-07   
      222            228         2.018e-09      2.038e-12      9.721e-05      5.163e-07   
      223            229         2.016e-09      1.999e-12      9.717e-05      5.193e-07   
      224            230         2.014e-09      1.961e-12      9.710e-05      5.217e-07   
      225            231         2.012e-09      1.924e-12      9.702e-05      5.235e-07   
      226            232         2.010e-09      1.886e-12      9.692e-05      5.248e-07   
      227            233         2.008e-09      1.849e-12      9.681e-05      5.255e-07   
      228            234         2.006e-09      1.812e-12      9.670e-05      5.255e-07   
      229            235         2.004e-09      1.776e-12      9.658e-05      5.249e-07   
      230            236         2.003e-09      1.740e-12      9.645e-05      5.238e-07   
      231            237         2.001e-09      1.705e-12      9.633e-05      5.220e-07   
      232            238         1.999e-09      1.671e-12      9.621e-05      5.197e-07   
      233            239         1.998e-09      1.637e-12      9.608e-05      5.180e-07   
      234            240         1.996e-09      1.604e-12      9.597e-05      5.164e-07   
      235            241         1.995e-09      1.572e-12      9.585e-05      5.143e-07   
      236            242         1.993e-09      1.541e-12      9.574e-05      5.119e-07   
      237            243         1.991e-09      1.510e-12      9.564e-05      5.092e-07   
      238            244         1.990e-09      1.479e-12      9.553e-05      5.062e-07   
      239            245         1.989e-09      1.450e-12      9.544e-05      5.030e-07   
      240            246         1.987e-09      1.421e-12      9.534e-05      4.997e-07   
      241            247         1.986e-09      1.393e-12      9.525e-05      4.962e-07   
      242            248         1.984e-09      1.365e-12      9.516e-05      4.927e-07   
      243            249         1.983e-09      1.338e-12      9.507e-05      4.891e-07   
      244            250         1.982e-09      1.311e-12      9.498e-05      4.856e-07   
      245            251         1.980e-09      1.285e-12      9.488e-05      4.822e-07   
      246            252         1.979e-09      1.259e-12      9.478e-05      4.788e-07   
      247            253         1.978e-09      1.233e-12      9.468e-05      4.755e-07   
      248            254         1.977e-09      1.208e-12      9.458e-05      4.722e-07   
      249            255         1.976e-09      1.183e-12      9.446e-05      4.691e-07   
      250            256         1.974e-09      1.158e-12      9.434e-05      4.660e-07   
      251            257         1.973e-09      1.134e-12      9.421e-05      4.630e-07   
      252            258         1.972e-09      1.110e-12      9.408e-05      4.600e-07   
      253            259         1.971e-09      1.086e-12      9.394e-05      4.570e-07   
      254            260         1.970e-09      1.062e-12      9.379e-05      4.538e-07   
      255            261         1.969e-09      1.039e-12      9.364e-05      4.504e-07   
      256            262         1.968e-09      1.016e-12      9.348e-05      4.468e-07   
      257            263         1.967e-09      9.943e-13      9.332e-05      4.427e-07   
      258            264         1.966e-09      9.728e-13      9.316e-05      4.380e-07   
      259            265         1.965e-09      9.520e-13      9.300e-05      4.327e-07   
      260            266         1.964e-09      9.321e-13      9.284e-05      4.265e-07   
      261            267         1.963e-09      9.130e-13      9.268e-05      4.191e-07   
      262            268         1.962e-09      8.948e-13      9.252e-05      4.105e-07   
      263            269         1.961e-09      8.776e-13      9.237e-05      4.002e-07   
      264            270         1.961e-09      8.612e-13      9.223e-05      3.881e-07   
      265            271         1.960e-09      8.458e-13      9.210e-05      3.740e-07   
      266            272         1.959e-09      8.311e-13      9.199e-05      3.574e-07   
      267            273         1.958e-09      8.171e-13      9.190e-05      3.383e-07   
      268            274         1.957e-09      8.036e-13      9.185e-05      3.164e-07   
      269            275         1.956e-09      7.906e-13      9.185e-05      2.917e-07   
      270            276         1.956e-09      7.780e-13      9.190e-05      2.641e-07   
      271            277         1.955e-09      7.660e-13      9.203e-05      2.340e-07   
      272            278         1.954e-09      7.552e-13      9.224e-05      2.170e-07   
      273            279         1.953e-09      7.464e-13      9.254e-05      2.245e-07   
      274            280         1.953e-09      7.406e-13      9.294e-05      2.301e-07   
      275            281         1.952e-09      7.390e-13      9.343e-05      2.335e-07   
      276            282         1.951e-09      7.547e-13      9.408e-05      2.338e-07   
      277            283         1.950e-09      7.452e-13      9.461e-05      2.331e-07   
      278            284         1.950e-09      7.610e-13      9.517e-05      2.368e-07   
      279            285         1.949e-09      7.774e-13      9.569e-05      2.419e-07   
      280            286         1.948e-09      7.974e-13      9.617e-05      2.459e-07   
      281            287         1.947e-09      8.397e-13      9.669e-05      2.496e-07   
      282            288         1.946e-09      8.442e-13      9.699e-05      2.573e-07   
      283            289         1.946e-09      8.595e-13      9.715e-05      2.638e-07   
      284            290         1.945e-09      8.696e-13      9.716e-05      2.697e-07   
      285            291         1.944e-09      8.736e-13      9.704e-05      2.757e-07   
      286            292         1.943e-09      8.713e-13      9.678e-05      2.823e-07   
      287            293         1.942e-09      8.627e-13      9.639e-05      2.898e-07   
      288            294         1.941e-09      8.336e-13      9.584e-05      3.010e-07   
      289            295         1.940e-09      8.336e-13      9.530e-05      3.094e-07   
      290            296         1.940e-09      8.099e-13      9.469e-05      3.186e-07   
      291            297         1.939e-09      7.864e-13      9.404e-05      3.279e-07   
      292            298         1.938e-09      7.617e-13      9.338e-05      3.370e-07   
      293            299         1.937e-09      7.383e-13      9.276e-05      3.453e-07   
      294            300         1.937e-09      7.173e-13      9.218e-05      3.523e-07   
      295            301         1.936e-09      6.999e-13      9.168e-05      3.575e-07   
      296            302         1.935e-09      6.867e-13      9.129e-05      3.604e-07   
      297            303         1.935e-09      6.780e-13      9.100e-05      3.827e-07   
      298            304         1.934e-09      6.742e-13      9.084e-05      4.200e-07   
      299            305         1.933e-09      7.007e-13      9.083e-05      4.602e-07   
      300            306         1.932e-09      6.924e-13      9.089e-05      5.095e-07   
      301            307         1.932e-09      7.083e-13      9.101e-05      5.735e-07   
      302            308         1.931e-09      7.341e-13      9.114e-05      6.436e-07   
      303            309         1.930e-09      7.785e-13      9.121e-05      7.111e-07   
      304            310         1.929e-09      8.512e-13      9.117e-05      7.650e-07   
      305            311         1.928e-09      9.531e-13      9.103e-05      7.934e-07   
      306            312         1.927e-09      1.050e-12      9.081e-05      7.888e-07   
      307            313         1.926e-09      1.161e-12      9.065e-05      7.462e-07   
      308            314         1.925e-09      1.109e-12      9.056e-05      6.858e-07   
      309            315         1.924e-09      1.063e-12      9.062e-05      6.269e-07   
      310            316         1.923e-09      9.606e-13      9.078e-05      5.675e-07   
      311            317         1.922e-09      8.587e-13      9.100e-05      5.137e-07   
      312            318         1.921e-09      7.709e-13      9.121e-05      4.696e-07   
      313            319         1.921e-09      7.018e-13      9.139e-05      4.472e-07   
      314            320         1.920e-09      6.489e-13      9.152e-05      4.357e-07   
      315            321         1.919e-09      6.086e-13      9.158e-05      4.253e-07   
      316            322         1.919e-09      5.771e-13      9.157e-05      4.164e-07   
      317            323         1.918e-09      5.520e-13      9.151e-05      4.088e-07   
      318            324         1.918e-09      5.311e-13      9.140e-05      4.025e-07   
      319            325         1.917e-09      5.132e-13      9.124e-05      3.974e-07   
      320            326         1.917e-09      4.974e-13      9.104e-05      3.932e-07   
      321            327         1.916e-09      4.832e-13      9.081e-05      3.898e-07   
      322            328         1.916e-09      4.700e-13      9.054e-05      3.869e-07   
      323            329         1.915e-09      4.578e-13      9.024e-05      3.845e-07   
      324            330         1.915e-09      4.462e-13      8.991e-05      3.824e-07   
      325            331         1.915e-09      4.353e-13      8.956e-05      3.805e-07   
      326            332         1.914e-09      4.248e-13      8.919e-05      3.787e-07   
      327            333         1.914e-09      4.149e-13      8.880e-05      3.850e-07   
      328            334         1.913e-09      4.053e-13      8.839e-05      3.919e-07   
      329            335         1.913e-09      3.961e-13      8.797e-05      3.985e-07   
      330            336         1.913e-09      3.873e-13      8.753e-05      4.047e-07   
      331            337         1.912e-09      3.789e-13      8.708e-05      4.105e-07   
      332            338         1.912e-09      3.709e-13      8.662e-05      4.158e-07   
      333            339         1.911e-09      3.632e-13      8.616e-05      4.207e-07   
      334            340         1.911e-09      3.559e-13      8.569e-05      4.250e-07   
      335            341         1.911e-09      3.489e-13      8.522e-05      4.288e-07   
      336            342         1.910e-09      3.422e-13      8.476e-05      4.320e-07   
      337            343         1.910e-09      3.358e-13      8.430e-05      4.346e-07   
      338            344         1.910e-09      3.298e-13      8.384e-05      4.368e-07   
      339            345         1.909e-09      3.240e-13      8.339e-05      4.383e-07   
      340            346         1.909e-09      3.185e-13      8.295e-05      4.394e-07   
      341            347         1.909e-09      3.132e-13      8.253e-05      4.400e-07   
      342            348         1.908e-09      3.081e-13      8.211e-05      4.401e-07   
      343            349         1.908e-09      3.032e-13      8.172e-05      4.397e-07   
      344            350         1.908e-09      2.985e-13      8.133e-05      4.390e-07   
      345            351         1.908e-09      2.940e-13      8.097e-05      4.379e-07   
      346            352         1.907e-09      2.896e-13      8.062e-05      4.365e-07   
      347            353         1.907e-09      2.853e-13      8.028e-05      4.348e-07   
      348            354         1.907e-09      2.812e-13      7.997e-05      4.328e-07   
      349            355         1.906e-09      2.772e-13      7.967e-05      4.306e-07   
      350            356         1.906e-09      2.732e-13      7.938e-05      4.282e-07   
      351            357         1.906e-09      2.693e-13      7.911e-05      4.257e-07   
      352            358         1.906e-09      2.655e-13      7.886e-05      4.231e-07   
      353            359         1.905e-09      2.618e-13      7.863e-05      4.203e-07   
      354            360         1.905e-09      2.581e-13      7.840e-05      4.175e-07   
      355            361         1.905e-09      2.544e-13      7.820e-05      4.146e-07   
      356            362         1.905e-09      2.508e-13      7.800e-05      4.116e-07   
      357            363         1.904e-09      2.472e-13      7.782e-05      4.086e-07   
      358            364         1.904e-09      2.437e-13      7.765e-05      4.056e-07   
      359            365         1.904e-09      2.402e-13      7.749e-05      4.026e-07   
      360            366         1.904e-09      2.367e-13      7.734e-05      3.996e-07   
      361            367         1.903e-09      2.332e-13      7.720e-05      3.966e-07   
      362            368         1.903e-09      7.630e-13      1.929e-05      2.525e-08   
      363            369         1.903e-09      6.984e-14      3.848e-05      1.002e-07   
Optimization terminated successfully.
`ftol` condition satisfied. (ftol=1.00e-04)
         Current function value: 1.903e-09
         Total delta_x: 2.641e-02
         Iterations: 363
         Function evaluations: 369
         Jacobian evaluations: 364
Timer: Solution time = 1.57 min
Timer: Avg time per step = 258 ms
==============================================================================================================
                                                                 Start  -->   End
Total (sum of squares):                                      3.201e-08  -->   1.903e-09, 
Maximum absolute Force error:                                1.523e+01  -->   2.893e+00 (N)
Minimum absolute Force error:                                6.946e-06  -->   1.828e-06 (N)
Average absolute Force error:                                2.616e-01  -->   6.841e-02 (N)
Maximum absolute Force error:                                1.859e-04  -->   3.531e-05 (normalized)
Minimum absolute Force error:                                8.480e-11  -->   2.232e-11 (normalized)
Average absolute Force error:                                3.194e-06  -->   8.351e-07 (normalized)
LCFS R error:                                                0.000e+00  -->   2.733e-19 (m)
LCFS Z error:                                                0.000e+00  -->   6.940e-18 (m)
Fixed Psi error:                                             0.000e+00  -->   0.000e+00 (Wb)
Fixed pressure profile error:                                0.000e+00  -->   0.000e+00 (Pa)
Fixed current profile error:                                 0.000e+00  -->   0.000e+00 (A)
Fixed sheet current error:                                   0.000e+00  -->   0.000e+00 (~)
==============================================================================================================

Building objective: force
Precomputing transforms
Timer: Precomputing transforms = 135 ms
Timer: Objective build = 944 ms
Building objective: fixed LCFS R
Building objective: fixed LCFS Z
Building objective: fixed Psi
Building objective: fixed pressure
Building objective: fixed current
Building objective: fixed sheet current
Building objective: self_consistency lcfs R
Building objective: self_consistency lcfs Z
Building objective: lambda gauge
Building objective: self_consistency axis R
Building objective: self_consistency axis Z
Timer: Objective build = 409 ms
Timer: LinearConstraintProjection build = 4.26 sec
Number of parameters: 1892
Number of objectives: 11154
Timer: Initializing the optimization = 5.77 sec

Starting optimization
Using method: lsq-exact
Solver options:
------------------------------------------------------------
Maximum Function Evaluations       : 5001
Maximum Allowed Total Δx Norm      : inf
Scaled Termination                 : True
Trust Region Method                : qr
Initial Trust Radius               : 7.027e+02
Maximum Trust Radius               : inf
Minimum Trust Radius               : 2.220e-16
Trust Radius Increase Ratio        : 2.000e+00
Trust Radius Decrease Ratio        : 2.500e-01
Trust Radius Increase Threshold    : 7.500e-01
Trust Radius Decrease Threshold    : 2.500e-01
------------------------------------------------------------ 

   Iteration     Total nfev        Cost      Cost reduction    Step norm     Optimality   
       0              1          1.882e-08                                    1.513e-05   
       1              6          2.369e-09      1.645e-08      1.096e-03      3.529e-06   
       2              8          1.953e-09      4.160e-10      3.302e-04      6.332e-07   
       3              9          1.745e-09      2.077e-10      6.565e-04      2.715e-06   
       4             10          1.532e-09      2.136e-10      6.576e-04      2.612e-06   
       5             11          1.386e-09      1.463e-10      6.207e-04      1.814e-06   
       6             12          1.298e-09      8.771e-11      5.847e-04      1.180e-06   
       7             13          1.244e-09      5.371e-11      5.849e-04      1.718e-06   
       8             14          1.208e-09      3.642e-11      5.915e-04      1.638e-06   
       9             15          1.179e-09      2.851e-11      5.832e-04      1.161e-06   
      10             16          1.162e-09      1.760e-11      5.580e-04      1.238e-06   
      11             17          1.150e-09      1.206e-11      5.264e-04      1.103e-06   
      12             18          1.139e-09      1.039e-11      5.105e-04      9.855e-07   
      13             19          1.129e-09      9.817e-12      5.009e-04      1.054e-06   
      14             20          1.119e-09      9.932e-12      4.952e-04      1.078e-06   
      15             21          1.110e-09      9.465e-12      4.900e-04      9.805e-07   
      16             22          1.102e-09      8.247e-12      4.833e-04      8.940e-07   
      17             23          1.094e-09      7.687e-12      4.775e-04      8.537e-07   
      18             24          1.086e-09      7.971e-12      4.732e-04      8.740e-07   
      19             25          1.078e-09      8.365e-12      4.696e-04      8.723e-07   
      20             26          1.069e-09      8.379e-12      4.666e-04      9.213e-07   
      21             27          1.061e-09      8.373e-12      4.641e-04      8.978e-07   
      22             28          1.053e-09      7.958e-12      4.625e-04      8.579e-07   
      23             29          1.046e-09      6.793e-12      4.615e-04      8.445e-07   
      24             30          1.041e-09      5.500e-12      4.602e-04      7.951e-07   
      25             31          1.036e-09      4.479e-12      4.585e-04      8.324e-07   
      26             32          1.032e-09      3.789e-12      4.566e-04      9.236e-07   
      27             33          1.029e-09      3.372e-12      4.545e-04      1.011e-06   
      28             34          1.026e-09      3.148e-12      4.522e-04      1.094e-06   
      29             35          1.015e-09      1.074e-11      1.126e-04      7.715e-08   
      30             36          1.014e-09      1.117e-12      2.269e-04      3.004e-07   
      31             37          1.012e-09      1.719e-12      2.258e-04      3.172e-07   
      32             38          1.011e-09      1.713e-12      2.253e-04      3.301e-07   
      33             39          1.009e-09      1.702e-12      2.250e-04      3.451e-07   
      34             40          1.007e-09      1.699e-12      2.250e-04      3.585e-07   
      35             41          1.005e-09      1.697e-12      2.252e-04      3.707e-07   
      36             42          1.004e-09      1.691e-12      2.255e-04      3.814e-07   
      37             43          1.002e-09      1.684e-12      2.258e-04      3.910e-07   
      38             44          1.000e-09      1.677e-12      2.260e-04      3.989e-07   
      39             45          9.988e-10      1.673e-12      2.260e-04      4.040e-07   
      40             46          9.971e-10      1.667e-12      2.258e-04      4.055e-07   
      41             47          9.955e-10      1.641e-12      2.253e-04      4.067e-07   
      42             48          9.938e-10      1.640e-12      2.247e-04      4.012e-07   
      43             49          9.922e-10      1.618e-12      2.240e-04      3.931e-07   
      44             50          9.906e-10      1.591e-12      2.232e-04      3.836e-07   
      45             51          9.891e-10      1.562e-12      2.224e-04      3.734e-07   
      46             52          9.875e-10      1.533e-12      2.217e-04      3.633e-07   
      47             53          9.860e-10      1.506e-12      2.211e-04      3.536e-07   
      48             54          9.845e-10      1.480e-12      2.205e-04      3.445e-07   
      49             55          9.831e-10      1.457e-12      2.201e-04      3.360e-07   
      50             56          9.816e-10      1.436e-12      2.197e-04      3.280e-07   
      51             57          9.802e-10      1.416e-12      2.194e-04      3.206e-07   
      52             58          9.788e-10      1.398e-12      2.193e-04      3.137e-07   
      53             59          9.774e-10      1.381e-12      2.192e-04      3.072e-07   
      54             60          9.761e-10      1.365e-12      2.191e-04      3.011e-07   
      55             61          9.747e-10      1.350e-12      2.192e-04      2.952e-07   
      56             62          9.734e-10      1.335e-12      2.193e-04      2.896e-07   
      57             63          9.721e-10      1.320e-12      2.194e-04      2.842e-07   
      58             64          9.708e-10      1.306e-12      2.195e-04      2.789e-07   
      59             65          9.695e-10      1.292e-12      2.197e-04      2.737e-07   
      60             66          9.682e-10      1.279e-12      2.200e-04      2.687e-07   
      61             67          9.669e-10      1.265e-12      2.202e-04      2.637e-07   
      62             68          9.657e-10      1.252e-12      2.205e-04      2.587e-07   
      63             69          9.644e-10      1.240e-12      2.208e-04      2.538e-07   
      64             70          9.632e-10      1.227e-12      2.211e-04      2.489e-07   
      65             71          9.620e-10      1.214e-12      2.214e-04      2.466e-07   
      66             72          9.608e-10      1.214e-12      2.218e-04      2.422e-07   
      67             73          9.596e-10      1.190e-12      2.221e-04      2.403e-07   
      68             74          9.584e-10      1.179e-12      2.224e-04      2.385e-07   
      69             75          9.572e-10      1.167e-12      2.228e-04      2.366e-07   
      70             76          9.561e-10      1.156e-12      2.231e-04      2.347e-07   
      71             77          9.549e-10      1.146e-12      2.235e-04      2.329e-07   
      72             78          9.538e-10      1.135e-12      2.238e-04      2.311e-07   
      73             79          9.527e-10      1.125e-12      2.242e-04      2.294e-07   
      74             80          9.516e-10      1.115e-12      2.245e-04      2.277e-07   
      75             81          9.505e-10      1.106e-12      2.248e-04      2.260e-07   
      76             82          9.494e-10      1.097e-12      2.252e-04      2.254e-07   
      77             83          9.483e-10      1.088e-12      2.255e-04      2.256e-07   
      78             84          9.472e-10      1.079e-12      2.258e-04      2.255e-07   
      79             85          9.461e-10      1.071e-12      2.262e-04      2.254e-07   
      80             86          9.451e-10      1.063e-12      2.265e-04      2.250e-07   
      81             87          9.440e-10      1.055e-12      2.268e-04      2.245e-07   
      82             88          9.430e-10      1.047e-12      2.272e-04      2.239e-07   
      83             89          9.419e-10      1.040e-12      2.275e-04      2.231e-07   
      84             90          9.409e-10      1.033e-12      2.279e-04      2.221e-07   
      85             91          9.399e-10      1.026e-12      2.283e-04      2.210e-07   
      86             92          9.388e-10      1.020e-12      2.287e-04      2.196e-07   
      87             93          9.378e-10      1.013e-12      2.291e-04      2.181e-07   
      88             94          9.368e-10      1.008e-12      2.296e-04      2.164e-07   
      89             95          9.358e-10      1.002e-12      2.301e-04      2.145e-07   
      90             96          9.348e-10      9.969e-13      2.306e-04      2.123e-07   
      91             97          9.338e-10      9.921e-13      2.311e-04      2.099e-07   
      92             98          9.328e-10      9.877e-13      2.316e-04      2.073e-07   
      93             99          9.319e-10      9.838e-13      2.321e-04      2.043e-07   
      94             100         9.309e-10      9.804e-13      2.327e-04      2.009e-07   
      95             101         9.299e-10      9.776e-13      2.332e-04      1.972e-07   
      96             102         9.289e-10      9.756e-13      2.338e-04      1.929e-07   
      97             103         9.280e-10      9.745e-13      2.344e-04      1.881e-07   
      98             104         9.270e-10      9.748e-13      2.351e-04      1.825e-07   
      99             105         9.260e-10      9.766e-13      2.358e-04      1.760e-07   
      100            106         9.250e-10      9.805e-13      2.364e-04      1.685e-07   
      101            107         9.240e-10      9.866e-13      2.371e-04      1.598e-07   
      102            108         9.230e-10      9.942e-13      2.376e-04      1.547e-07   
      103            109         9.220e-10      1.001e-12      2.378e-04      1.517e-07   
      104            111         9.212e-10      8.563e-13      1.212e-04      3.734e-08   
      105            112         9.205e-10      6.492e-13      2.366e-04      1.424e-07   
      106            113         9.196e-10      9.776e-13      2.345e-04      1.479e-07   
      107            115         9.188e-10      7.962e-13      1.182e-04      3.577e-08   
      108            116         9.181e-10      6.207e-13      2.322e-04      1.593e-07   
      109            117         9.172e-10      9.178e-13      2.305e-04      1.671e-07   
      110            119         9.165e-10      7.550e-13      1.159e-04      3.995e-08   
      111            120         9.159e-10      5.898e-13      2.290e-04      1.708e-07   
      112            121         9.150e-10      8.815e-13      2.277e-04      1.736e-07   
      113            122         9.141e-10      8.684e-13      2.266e-04      1.737e-07   
      114            123         9.133e-10      8.578e-13      2.256e-04      1.734e-07   
      115            124         9.124e-10      8.475e-13      2.246e-04      1.726e-07   
      116            125         9.116e-10      8.378e-13      2.236e-04      1.716e-07   
      117            126         9.108e-10      8.284e-13      2.226e-04      1.704e-07   
      118            127         9.099e-10      8.194e-13      2.216e-04      1.690e-07   
      119            128         9.091e-10      8.107e-13      2.206e-04      1.674e-07   
      120            129         9.083e-10      8.078e-13      2.197e-04      1.641e-07   
      121            131         9.077e-10      6.600e-13      1.101e-04      4.032e-08   
      122            132         9.071e-10      5.229e-13      2.185e-04      1.630e-07   
      123            133         9.064e-10      7.836e-13      2.172e-04      1.618e-07   
      124            134         9.056e-10      7.794e-13      2.162e-04      1.579e-07   
      125            136         9.049e-10      6.330e-13      1.083e-04      3.905e-08   
      126            137         9.044e-10      5.110e-13      2.151e-04      1.563e-07   
      127            138         9.037e-10      7.576e-13      2.138e-04      1.546e-07   
      128            140         9.031e-10      6.188e-13      1.070e-04      3.799e-08   
      129            141         9.025e-10      5.039e-13      2.127e-04      1.509e-07   
      130            142         9.018e-10      7.402e-13      2.115e-04      1.491e-07   
      131            144         9.012e-10      6.015e-13      1.057e-04      3.680e-08   
      132            145         9.007e-10      4.969e-13      2.104e-04      1.451e-07   
      133            146         9.000e-10      7.239e-13      2.093e-04      1.433e-07   
      134            148         8.994e-10      5.865e-13      1.046e-04      3.553e-08   
      135            149         8.989e-10      4.893e-13      2.082e-04      1.391e-07   
      136            150         8.982e-10      7.135e-13      2.072e-04      1.360e-07   
      137            152         8.976e-10      5.700e-13      1.035e-04      3.421e-08   
      138            153         8.971e-10      4.804e-13      2.063e-04      1.330e-07   
      139            154         8.964e-10      6.994e-13      2.054e-04      1.300e-07   
      140            156         8.959e-10      5.614e-13      1.026e-04      3.282e-08   
      141            157         8.954e-10      4.699e-13      2.046e-04      1.268e-07   
      142            158         8.947e-10      6.866e-13      2.038e-04      1.239e-07   
      143            160         8.942e-10      5.547e-13      1.018e-04      3.190e-08   
      144            161         8.937e-10      4.584e-13      2.031e-04      1.253e-07   
      145            162         8.930e-10      6.743e-13      2.025e-04      1.252e-07   
      146            164         8.925e-10      5.484e-13      1.011e-04      3.244e-08   
      147            165         8.920e-10      4.464e-13      2.019e-04      1.272e-07   
      148            166         8.914e-10      6.620e-13      2.013e-04      1.268e-07   
      149            168         8.908e-10      5.415e-13      1.006e-04      3.275e-08   
      150            169         8.904e-10      4.349e-13      2.009e-04      1.285e-07   
      151            170         8.898e-10      6.454e-13      2.004e-04      1.292e-07   
      152            171         8.891e-10      6.453e-13      2.001e-04      1.328e-07   
      153            172         8.885e-10      6.383e-13      1.998e-04      1.407e-07   
      154            173         8.878e-10      6.349e-13      1.998e-04      1.524e-07   
      155            174         8.872e-10      6.201e-13      2.002e-04      1.692e-07   
      156            175         8.867e-10      5.481e-13      2.017e-04      1.899e-07   
      157            176         8.862e-10      4.770e-13      2.040e-04      2.264e-07   
      158            177         8.855e-10      6.754e-13      2.056e-04      2.299e-07   
      159            178         8.847e-10      7.862e-13      2.059e-04      2.074e-07   
      160            179         8.840e-10      7.224e-13      2.058e-04      1.889e-07   
      161            180         8.834e-10      6.567e-13      2.055e-04      1.805e-07   
      162            181         8.827e-10      6.202e-13      2.052e-04      1.732e-07   
      163            182         8.821e-10      5.997e-13      2.049e-04      1.672e-07   
      164            183         8.816e-10      5.866e-13      2.047e-04      1.623e-07   
      165            184         8.810e-10      5.765e-13      2.045e-04      1.611e-07   
      166            185         8.804e-10      5.680e-13      2.042e-04      1.617e-07   
      167            186         8.798e-10      5.603e-13      2.040e-04      1.623e-07   
      168            187         8.793e-10      5.529e-13      2.039e-04      1.628e-07   
      169            188         8.787e-10      5.458e-13      2.037e-04      1.633e-07   
      170            189         8.782e-10      5.389e-13      2.035e-04      1.638e-07   
      171            190         8.777e-10      5.322e-13      2.033e-04      1.642e-07   
      172            191         8.772e-10      5.255e-13      2.031e-04      1.646e-07   
      173            192         8.766e-10      5.190e-13      2.029e-04      1.650e-07   
      174            193         8.761e-10      5.125e-13      2.027e-04      1.653e-07   
      175            194         8.756e-10      5.060e-13      2.025e-04      1.656e-07   
      176            195         8.751e-10      4.997e-13      2.023e-04      1.657e-07   
      177            196         8.746e-10      4.933e-13      2.021e-04      1.658e-07   
      178            197         8.741e-10      4.871e-13      2.019e-04      1.659e-07   
      179            198         8.737e-10      4.808e-13      2.017e-04      1.658e-07   
      180            199         8.732e-10      4.746e-13      2.015e-04      1.657e-07   
      181            200         8.727e-10      4.685e-13      2.013e-04      1.654e-07   
      182            201         8.722e-10      4.624e-13      2.011e-04      1.651e-07   
      183            202         8.718e-10      4.563e-13      2.009e-04      1.647e-07   
      184            203         8.713e-10      4.503e-13      2.007e-04      1.643e-07   
      185            204         8.709e-10      4.444e-13      2.005e-04      1.637e-07   
      186            205         8.705e-10      4.384e-13      2.004e-04      1.631e-07   
      187            206         8.700e-10      4.326e-13      2.002e-04      1.625e-07   
      188            207         8.696e-10      4.268e-13      2.000e-04      1.617e-07   
      189            208         8.692e-10      4.210e-13      1.998e-04      1.609e-07   
      190            209         8.688e-10      4.153e-13      1.996e-04      1.601e-07   
      191            210         8.684e-10      4.097e-13      1.994e-04      1.592e-07   
      192            211         8.679e-10      4.042e-13      1.992e-04      1.582e-07   
      193            212         8.676e-10      3.987e-13      1.989e-04      1.573e-07   
      194            213         8.672e-10      3.933e-13      1.987e-04      1.562e-07   
      195            214         8.668e-10      3.880e-13      1.985e-04      1.552e-07   
      196            215         8.664e-10      3.827e-13      1.983e-04      1.541e-07   
      197            216         8.660e-10      3.775e-13      1.981e-04      1.530e-07   
      198            217         8.656e-10      3.725e-13      1.978e-04      1.518e-07   
      199            218         8.653e-10      3.674e-13      1.976e-04      1.507e-07   
      200            219         8.649e-10      3.625e-13      1.974e-04      1.495e-07   
      201            220         8.645e-10      3.577e-13      1.972e-04      1.483e-07   
      202            221         8.642e-10      3.529e-13      1.969e-04      1.471e-07   
      203            222         8.638e-10      3.483e-13      1.967e-04      1.460e-07   
      204            223         8.635e-10      3.437e-13      1.965e-04      1.448e-07   
      205            224         8.632e-10      3.392e-13      1.963e-04      1.436e-07   
      206            225         8.628e-10      3.347e-13      1.960e-04      1.425e-07   
      207            226         8.625e-10      3.304e-13      1.958e-04      1.413e-07   
      208            227         8.622e-10      3.260e-13      1.956e-04      1.402e-07   
      209            228         8.619e-10      3.218e-13      1.954e-04      1.391e-07   
      210            229         8.615e-10      3.176e-13      1.952e-04      1.380e-07   
      211            230         8.612e-10      3.134e-13      1.950e-04      1.369e-07   
      212            231         8.609e-10      3.092e-13      1.948e-04      1.359e-07   
      213            232         8.606e-10      3.050e-13      1.946e-04      1.352e-07   
      214            233         8.603e-10      3.009e-13      1.945e-04      1.358e-07   
      215            234         8.600e-10      2.967e-13      1.943e-04      1.365e-07   
      216            235         8.597e-10      2.926e-13      1.941e-04      1.371e-07   
      217            236         8.594e-10      2.884e-13      1.939e-04      1.379e-07   
      218            237         8.591e-10      2.843e-13      1.937e-04      1.386e-07   
      219            238         8.589e-10      2.801e-13      1.934e-04      1.394e-07   
      220            239         8.586e-10      2.759e-13      1.932e-04      1.402e-07   
      221            240         8.583e-10      2.717e-13      1.929e-04      1.410e-07   
      222            241         8.580e-10      2.675e-13      1.926e-04      1.418e-07   
      223            242         8.578e-10      2.633e-13      1.923e-04      1.427e-07   
      224            243         8.575e-10      2.591e-13      1.920e-04      1.435e-07   
      225            244         8.573e-10      2.549e-13      1.916e-04      1.443e-07   
      226            245         8.570e-10      2.506e-13      1.912e-04      1.451e-07   
      227            246         8.568e-10      2.464e-13      1.908e-04      1.459e-07   
      228            247         8.565e-10      2.422e-13      1.903e-04      1.466e-07   
      229            248         8.563e-10      2.379e-13      1.898e-04      1.473e-07   
      230            249         8.561e-10      2.338e-13      1.892e-04      1.479e-07   
      231            250         8.558e-10      2.296e-13      1.886e-04      1.484e-07   
      232            251         8.556e-10      2.255e-13      1.879e-04      1.488e-07   
      233            252         8.554e-10      2.215e-13      1.872e-04      1.492e-07   
      234            253         8.552e-10      2.175e-13      1.865e-04      1.494e-07   
      235            254         8.550e-10      2.136e-13      1.857e-04      1.495e-07   
      236            255         8.547e-10      2.099e-13      1.849e-04      1.495e-07   
      237            256         8.545e-10      2.062e-13      1.840e-04      1.494e-07   
      238            257         8.543e-10      2.027e-13      1.832e-04      1.492e-07   
      239            258         8.541e-10      1.992e-13      1.823e-04      1.488e-07   
      240            259         8.539e-10      1.959e-13      1.815e-04      1.484e-07   
      241            260         8.537e-10      1.928e-13      1.806e-04      1.478e-07   
      242            261         8.536e-10      1.897e-13      1.798e-04      1.471e-07   
      243            262         8.534e-10      1.867e-13      1.789e-04      1.463e-07   
      244            263         8.532e-10      1.839e-13      1.781e-04      1.454e-07   
      245            264         8.530e-10      1.812e-13      1.773e-04      1.444e-07   
      246            265         8.528e-10      1.786e-13      1.766e-04      1.433e-07   
      247            266         8.526e-10      1.761e-13      1.759e-04      1.421e-07   
      248            267         8.525e-10      1.737e-13      1.752e-04      1.408e-07   
      249            268         8.523e-10      1.715e-13      1.746e-04      1.395e-07   
      250            269         8.521e-10      1.693e-13      1.740e-04      1.381e-07   
      251            270         8.520e-10      1.672e-13      1.734e-04      1.367e-07   
      252            271         8.518e-10      1.652e-13      1.729e-04      1.352e-07   
      253            272         8.516e-10      1.633e-13      1.725e-04      1.337e-07   
      254            273         8.515e-10      1.615e-13      1.720e-04      1.322e-07   
      255            274         8.513e-10      1.598e-13      1.717e-04      1.306e-07   
      256            275         8.512e-10      1.620e-13      1.714e-04      1.277e-07   
      257            276         8.510e-10      1.564e-13      1.711e-04      1.261e-07   
      258            277         8.508e-10      1.550e-13      1.708e-04      1.245e-07   
      259            278         8.507e-10      1.535e-13      1.706e-04      1.237e-07   
      260            279         8.505e-10      1.522e-13      1.705e-04      1.232e-07   
      261            280         8.504e-10      1.509e-13      1.703e-04      1.227e-07   
      262            281         8.502e-10      1.496e-13      1.702e-04      1.222e-07   
      263            282         8.501e-10      1.485e-13      1.702e-04      1.237e-07   
      264            283         8.499e-10      1.473e-13      1.702e-04      1.251e-07   
      265            284         8.498e-10      1.463e-13      1.702e-04      1.265e-07   
      266            285         8.497e-10      1.453e-13      1.702e-04      1.277e-07   
      267            286         8.495e-10      1.443e-13      1.702e-04      1.289e-07   
      268            287         8.494e-10      1.434e-13      1.703e-04      1.300e-07   
      269            288         8.492e-10      1.425e-13      1.704e-04      1.311e-07   
      270            289         8.491e-10      1.416e-13      1.705e-04      1.321e-07   
      271            290         8.489e-10      1.408e-13      1.706e-04      1.330e-07   
      272            291         8.488e-10      1.401e-13      1.708e-04      1.338e-07   
      273            292         8.487e-10      1.393e-13      1.709e-04      1.346e-07   
      274            293         8.485e-10      1.386e-13      1.711e-04      1.353e-07   
      275            294         8.484e-10      1.380e-13      1.713e-04      1.360e-07   
      276            295         8.482e-10      1.374e-13      1.715e-04      1.366e-07   
      277            296         8.481e-10      1.368e-13      1.718e-04      1.372e-07   
      278            297         8.480e-10      1.362e-13      1.720e-04      1.377e-07   
      279            298         8.478e-10      1.357e-13      1.722e-04      1.382e-07   
      280            299         8.477e-10      1.351e-13      1.725e-04      1.386e-07   
      281            300         8.476e-10      1.347e-13      1.728e-04      1.390e-07   
      282            301         8.474e-10      1.342e-13      1.731e-04      1.393e-07   
      283            302         8.473e-10      1.338e-13      1.734e-04      1.396e-07   
      284            303         8.472e-10      1.334e-13      1.737e-04      1.398e-07   
      285            304         8.470e-10      1.330e-13      1.740e-04      1.400e-07   
      286            305         8.469e-10      1.326e-13      1.743e-04      1.402e-07   
      287            306         8.468e-10      1.323e-13      1.747e-04      1.403e-07   
      288            307         8.466e-10      1.320e-13      1.750e-04      1.404e-07   
      289            308         8.465e-10      1.317e-13      1.754e-04      1.404e-07   
      290            309         8.464e-10      1.314e-13      1.758e-04      1.405e-07   
      291            310         8.462e-10      1.311e-13      1.762e-04      1.404e-07   
      292            311         8.461e-10      1.309e-13      1.766e-04      1.404e-07   
      293            312         8.460e-10      1.307e-13      1.770e-04      1.403e-07   
      294            313         8.458e-10      1.305e-13      1.775e-04      1.401e-07   
      295            314         8.457e-10      1.303e-13      1.779e-04      1.399e-07   
      296            315         8.456e-10      1.301e-13      1.784e-04      1.397e-07   
      297            316         8.455e-10      1.300e-13      1.789e-04      1.395e-07   
      298            317         8.453e-10      1.299e-13      1.794e-04      1.392e-07   
      299            318         8.452e-10      1.298e-13      1.799e-04      1.388e-07   
      300            319         8.451e-10      1.297e-13      1.804e-04      1.384e-07   
      301            320         8.449e-10      1.297e-13      1.810e-04      1.380e-07   
      302            321         8.448e-10      1.297e-13      1.816e-04      1.375e-07   
      303            322         8.447e-10      1.297e-13      1.822e-04      1.369e-07   
      304            323         8.446e-10      1.298e-13      1.828e-04      1.363e-07   
      305            324         8.444e-10      1.299e-13      1.835e-04      1.356e-07   
      306            325         8.443e-10      1.300e-13      1.842e-04      1.348e-07   
      307            326         8.442e-10      1.302e-13      1.849e-04      1.340e-07   
      308            327         8.440e-10      1.305e-13      1.856e-04      1.331e-07   
      309            328         8.439e-10      1.308e-13      1.864e-04      1.321e-07   
      310            329         8.438e-10      1.311e-13      1.872e-04      1.310e-07   
      311            330         8.436e-10      1.316e-13      1.880e-04      1.298e-07   
      312            331         8.435e-10      1.321e-13      1.888e-04      1.285e-07   
      313            332         8.434e-10      1.327e-13      1.896e-04      1.271e-07   
      314            333         8.432e-10      1.334e-13      1.905e-04      1.256e-07   
      315            334         8.431e-10      1.342e-13      1.914e-04      1.239e-07   
      316            335         8.430e-10      1.351e-13      1.922e-04      1.222e-07   
      317            336         8.428e-10      1.362e-13      1.931e-04      1.203e-07   
      318            337         8.427e-10      1.375e-13      1.940e-04      1.238e-07   
      319            338         8.426e-10      1.390e-13      1.948e-04      1.298e-07   
      320            339         8.424e-10      1.408e-13      1.956e-04      1.357e-07   
      321            340         8.423e-10      1.429e-13      1.963e-04      1.414e-07   
      322            341         8.421e-10      1.453e-13      1.970e-04      1.468e-07   
      323            342         8.420e-10      1.481e-13      1.975e-04      1.517e-07   
      324            343         8.418e-10      1.514e-13      1.980e-04      1.558e-07   
      325            344         8.417e-10      1.553e-13      1.983e-04      1.591e-07   
      326            345         8.415e-10      1.597e-13      1.984e-04      1.613e-07   
      327            346         8.413e-10      1.648e-13      1.983e-04      1.665e-07   
      328            347         8.412e-10      1.706e-13      1.979e-04      1.707e-07   
      329            348         8.410e-10      1.772e-13      1.972e-04      1.729e-07   
      330            349         8.408e-10      1.843e-13      1.960e-04      1.724e-07   
      331            350         8.406e-10      1.912e-13      1.944e-04      1.681e-07   
      332            351         8.404e-10      1.965e-13      1.924e-04      1.592e-07   
      333            352         8.402e-10      1.986e-13      1.900e-04      1.522e-07   
      334            353         8.400e-10      1.967e-13      1.877e-04      1.507e-07   
      335            354         8.398e-10      1.914e-13      1.857e-04      1.473e-07   
      336            355         8.397e-10      1.847e-13      1.841e-04      1.431e-07   
      337            356         8.395e-10      1.784e-13      1.830e-04      1.462e-07   
      338            357         8.393e-10      1.731e-13      1.822e-04      1.511e-07   
      339            358         8.391e-10      1.690e-13      1.817e-04      1.551e-07   
      340            359         8.390e-10      1.660e-13      1.813e-04      1.587e-07   
      341            360         8.388e-10      1.637e-13      1.811e-04      1.622e-07   
      342            361         8.386e-10      1.622e-13      1.810e-04      1.659e-07   
      343            362         8.385e-10      1.614e-13      1.810e-04      1.696e-07   
      344            363         8.383e-10      1.612e-13      1.810e-04      1.734e-07   
      345            364         8.382e-10      1.618e-13      1.810e-04      1.769e-07   
      346            365         8.380e-10      1.629e-13      1.809e-04      1.797e-07   
      347            366         8.378e-10      1.646e-13      1.807e-04      1.817e-07   
      348            367         8.377e-10      1.664e-13      1.803e-04      1.823e-07   
      349            368         8.375e-10      1.680e-13      1.799e-04      1.814e-07   
      350            369         8.373e-10      1.689e-13      1.793e-04      1.789e-07   
      351            370         8.372e-10      1.691e-13      1.787e-04      1.749e-07   
      352            371         8.370e-10      1.683e-13      1.780e-04      1.697e-07   
      353            372         8.368e-10      1.669e-13      1.774e-04      1.636e-07   
      354            373         8.367e-10      1.651e-13      1.768e-04      1.569e-07   
      355            374         8.365e-10      1.630e-13      1.764e-04      1.499e-07   
      356            375         8.363e-10      1.609e-13      1.760e-04      1.430e-07   
      357            376         8.362e-10      1.589e-13      1.757e-04      1.363e-07   
      358            377         8.360e-10      1.570e-13      1.754e-04      1.300e-07   
      359            378         8.359e-10      1.554e-13      1.752e-04      1.242e-07   
      360            379         8.357e-10      1.539e-13      1.751e-04      1.188e-07   
      361            380         8.356e-10      1.527e-13      1.750e-04      1.140e-07   
      362            381         8.354e-10      1.516e-13      1.749e-04      1.097e-07   
      363            382         8.353e-10      1.507e-13      1.748e-04      1.087e-07   
      364            383         8.351e-10      1.498e-13      1.747e-04      1.094e-07   
      365            384         8.350e-10      1.491e-13      1.747e-04      1.102e-07   
      366            385         8.348e-10      1.484e-13      1.746e-04      1.110e-07   
      367            386         8.347e-10      1.477e-13      1.745e-04      1.118e-07   
      368            387         8.345e-10      1.471e-13      1.744e-04      1.126e-07   
      369            388         8.344e-10      1.464e-13      1.743e-04      1.135e-07   
      370            389         8.342e-10      1.458e-13      1.742e-04      1.144e-07   
      371            390         8.341e-10      1.452e-13      1.741e-04      1.152e-07   
      372            391         8.339e-10      1.446e-13      1.740e-04      1.161e-07   
      373            392         8.338e-10      1.440e-13      1.739e-04      1.169e-07   
      374            393         8.336e-10      1.435e-13      1.738e-04      1.178e-07   
      375            394         8.335e-10      1.429e-13      1.736e-04      1.186e-07   
      376            395         8.334e-10      1.424e-13      1.735e-04      1.193e-07   
      377            396         8.332e-10      1.420e-13      1.734e-04      1.201e-07   
      378            397         8.331e-10      1.415e-13      1.732e-04      1.208e-07   
      379            398         8.329e-10      1.411e-13      1.731e-04      1.215e-07   
      380            399         8.328e-10      1.408e-13      1.730e-04      1.221e-07   
      381            400         8.327e-10      1.404e-13      1.729e-04      1.227e-07   
      382            401         8.325e-10      1.402e-13      1.728e-04      1.233e-07   
      383            402         8.324e-10      1.399e-13      1.727e-04      1.239e-07   
      384            403         8.322e-10      1.397e-13      1.726e-04      1.244e-07   
      385            404         8.321e-10      1.396e-13      1.726e-04      1.249e-07   
      386            405         8.320e-10      1.395e-13      1.725e-04      1.253e-07   
      387            406         8.318e-10      1.394e-13      1.725e-04      1.258e-07   
      388            407         8.317e-10      1.393e-13      1.725e-04      1.262e-07   
      389            408         8.315e-10      1.393e-13      1.725e-04      1.266e-07   
      390            409         8.314e-10      1.393e-13      1.725e-04      1.270e-07   
      391            410         8.313e-10      1.394e-13      1.725e-04      1.274e-07   
      392            411         8.311e-10      1.395e-13      1.725e-04      1.277e-07   
      393            412         8.310e-10      1.396e-13      1.726e-04      1.297e-07   
      394            413         8.308e-10      1.397e-13      1.727e-04      1.328e-07   
      395            414         8.307e-10      1.399e-13      1.728e-04      1.361e-07   
      396            415         8.306e-10      1.401e-13      1.730e-04      1.396e-07   
      397            416         8.304e-10      1.403e-13      1.732e-04      1.434e-07   
      398            417         8.303e-10      1.406e-13      1.734e-04      1.473e-07   
      399            418         8.301e-10      1.408e-13      1.736e-04      1.515e-07   
      400            419         8.300e-10      1.412e-13      1.739e-04      1.559e-07   
      401            420         8.299e-10      1.415e-13      1.742e-04      1.605e-07   
      402            421         8.297e-10      1.419e-13      1.745e-04      1.653e-07   
      403            422         8.296e-10      1.424e-13      1.748e-04      1.702e-07   
      404            423         8.294e-10      1.430e-13      1.752e-04      1.752e-07   
      405            424         8.293e-10      1.437e-13      1.755e-04      1.802e-07   
      406            425         8.291e-10      1.446e-13      1.759e-04      1.850e-07   
      407            426         8.290e-10      1.457e-13      1.762e-04      1.897e-07   
      408            427         8.288e-10      1.471e-13      1.766e-04      1.939e-07   
      409            428         8.287e-10      1.486e-13      1.768e-04      1.976e-07   
      410            429         8.285e-10      1.503e-13      1.771e-04      2.006e-07   
      411            430         8.284e-10      1.522e-13      1.772e-04      2.029e-07   
      412            431         8.282e-10      1.539e-13      1.774e-04      2.043e-07   
      413            432         8.281e-10      1.555e-13      1.775e-04      2.050e-07   
      414            433         8.279e-10      1.569e-13      1.776e-04      2.050e-07   
      415            434         8.278e-10      1.579e-13      1.777e-04      2.044e-07   
      416            435         8.276e-10      1.585e-13      1.778e-04      2.033e-07   
      417            436         8.275e-10      1.589e-13      1.779e-04      2.020e-07   
      418            437         8.273e-10      1.591e-13      1.781e-04      2.005e-07   
      419            438         8.271e-10      1.591e-13      1.784e-04      1.992e-07   
      420            439         8.270e-10      1.591e-13      1.787e-04      1.980e-07   
      421            440         8.268e-10      1.592e-13      1.792e-04      1.972e-07   
      422            441         8.267e-10      1.594e-13      1.798e-04      1.967e-07   
      423            442         8.265e-10      1.598e-13      1.805e-04      1.966e-07   
      424            443         8.263e-10      1.604e-13      1.813e-04      1.970e-07   
      425            444         8.262e-10      1.611e-13      1.822e-04      1.979e-07   
      426            445         8.260e-10      1.622e-13      1.832e-04      1.991e-07   
      427            446         8.259e-10      1.634e-13      1.842e-04      2.008e-07   
      428            447         8.257e-10      1.650e-13      1.854e-04      2.028e-07   
      429            448         8.255e-10      1.667e-13      1.865e-04      2.050e-07   
      430            449         8.253e-10      1.687e-13      1.876e-04      2.072e-07   
      431            450         8.252e-10      1.710e-13      1.887e-04      2.094e-07   
      432            451         8.250e-10      1.733e-13      1.897e-04      2.115e-07   
      433            452         8.248e-10      1.758e-13      1.905e-04      2.131e-07   
      434            453         8.247e-10      1.783e-13      1.912e-04      2.143e-07   
      435            454         8.245e-10      1.807e-13      1.916e-04      2.149e-07   
      436            455         8.243e-10      1.828e-13      1.919e-04      2.148e-07   
      437            456         8.241e-10      1.847e-13      1.919e-04      2.139e-07   
      438            457         8.239e-10      1.863e-13      1.918e-04      2.124e-07   
      439            458         8.237e-10      1.876e-13      1.915e-04      2.102e-07   
      440            459         8.235e-10      1.885e-13      1.911e-04      2.074e-07   
      441            460         8.234e-10      1.891e-13      1.906e-04      2.041e-07   
      442            461         8.232e-10      1.894e-13      1.900e-04      2.005e-07   
      443            462         8.230e-10      1.894e-13      1.893e-04      1.967e-07   
      444            463         8.228e-10      1.891e-13      1.886e-04      1.928e-07   
      445            464         8.226e-10      1.885e-13      1.879e-04      1.888e-07   
      446            465         8.224e-10      1.877e-13      1.871e-04      1.850e-07   
      447            466         8.222e-10      1.867e-13      1.863e-04      1.861e-07   
      448            467         8.220e-10      1.854e-13      1.854e-04      1.880e-07   
      449            468         8.219e-10      1.838e-13      1.845e-04      1.900e-07   
      450            469         8.217e-10      1.822e-13      1.835e-04      1.922e-07   
      451            470         8.215e-10      1.803e-13      1.825e-04      1.944e-07   
      452            471         8.213e-10      1.784e-13      1.815e-04      1.967e-07   
      453            472         8.211e-10      1.764e-13      1.805e-04      1.990e-07   
      454            473         8.210e-10      1.744e-13      1.794e-04      2.013e-07   
      455            474         8.208e-10      1.724e-13      1.784e-04      2.035e-07   
      456            475         8.206e-10      1.704e-13      1.774e-04      2.056e-07   
      457            476         8.204e-10      1.685e-13      1.764e-04      2.075e-07   
      458            477         8.203e-10      1.667e-13      1.755e-04      2.092e-07   
      459            478         8.201e-10      1.649e-13      1.746e-04      2.107e-07   
      460            479         8.200e-10      1.632e-13      1.738e-04      2.121e-07   
      461            480         8.198e-10      1.616e-13      1.731e-04      2.132e-07   
      462            481         8.196e-10      1.600e-13      1.724e-04      2.142e-07   
      463            482         8.195e-10      1.585e-13      1.718e-04      2.149e-07   
      464            483         8.193e-10      1.570e-13      1.712e-04      2.154e-07   
      465            484         8.192e-10      1.556e-13      1.707e-04      2.158e-07   
      466            485         8.190e-10      1.542e-13      1.702e-04      2.159e-07   
      467            486         8.189e-10      1.528e-13      1.698e-04      2.159e-07   
      468            487         8.187e-10      1.515e-13      1.694e-04      2.158e-07   
      469            488         8.186e-10      1.502e-13      1.691e-04      2.155e-07   
      470            489         8.184e-10      1.489e-13      1.688e-04      2.151e-07   
      471            490         8.183e-10      1.477e-13      1.686e-04      2.146e-07   
      472            491         8.181e-10      1.465e-13      1.683e-04      2.139e-07   
      473            492         8.180e-10      1.453e-13      1.681e-04      2.131e-07   
      474            493         8.178e-10      1.441e-13      1.680e-04      2.123e-07   
      475            494         8.177e-10      1.429e-13      1.678e-04      2.113e-07   
      476            495         8.175e-10      1.418e-13      1.677e-04      2.103e-07   
      477            496         8.174e-10      1.407e-13      1.676e-04      2.091e-07   
      478            497         8.173e-10      1.396e-13      1.675e-04      2.079e-07   
      479            498         8.171e-10      1.386e-13      1.674e-04      2.066e-07   
      480            499         8.170e-10      1.375e-13      1.674e-04      2.053e-07   
      481            500         8.168e-10      1.365e-13      1.673e-04      2.038e-07   
      482            501         8.167e-10      1.355e-13      1.673e-04      2.023e-07   
      483            502         8.166e-10      1.345e-13      1.673e-04      2.008e-07   
      484            503         8.164e-10      1.335e-13      1.673e-04      1.992e-07   
      485            504         8.163e-10      1.325e-13      1.673e-04      1.975e-07   
      486            505         8.162e-10      1.316e-13      1.674e-04      1.958e-07   
      487            506         8.160e-10      1.307e-13      1.674e-04      1.940e-07   
      488            507         8.159e-10      1.298e-13      1.675e-04      1.922e-07   
      489            508         8.158e-10      1.289e-13      1.675e-04      1.904e-07   
      490            509         8.157e-10      1.280e-13      1.676e-04      1.885e-07   
      491            510         8.155e-10      1.272e-13      1.677e-04      1.866e-07   
      492            511         8.154e-10      1.263e-13      1.678e-04      1.846e-07   
      493            512         8.153e-10      1.255e-13      1.679e-04      1.827e-07   
      494            513         8.152e-10      1.247e-13      1.680e-04      1.807e-07   
      495            514         8.150e-10      1.239e-13      1.681e-04      1.787e-07   
      496            515         8.149e-10      1.231e-13      1.682e-04      1.767e-07   
      497            516         8.148e-10      1.224e-13      1.684e-04      1.747e-07   
      498            517         8.147e-10      1.217e-13      1.685e-04      1.727e-07   
      499            518         8.145e-10      1.209e-13      1.686e-04      1.707e-07   
      500            519         8.144e-10      1.202e-13      1.688e-04      1.687e-07   
      501            520         8.143e-10      1.195e-13      1.689e-04      1.668e-07   
      502            521         8.142e-10      1.189e-13      1.691e-04      1.648e-07   
      503            522         8.141e-10      1.182e-13      1.692e-04      1.628e-07   
      504            523         8.139e-10      1.176e-13      1.694e-04      1.609e-07   
      505            524         8.138e-10      1.169e-13      1.695e-04      1.590e-07   
      506            525         8.137e-10      1.163e-13      1.697e-04      1.571e-07   
      507            526         8.136e-10      1.157e-13      1.699e-04      1.552e-07   
      508            527         8.135e-10      1.151e-13      1.700e-04      1.533e-07   
      509            528         8.134e-10      1.146e-13      1.702e-04      1.515e-07   
      510            529         8.133e-10      1.140e-13      1.703e-04      1.497e-07   
      511            530         8.131e-10      1.134e-13      1.705e-04      1.479e-07   
      512            531         8.130e-10      1.129e-13      1.706e-04      1.461e-07   
      513            532         8.129e-10      1.124e-13      1.708e-04      1.448e-07   
      514            533         8.128e-10      1.119e-13      1.710e-04      1.439e-07   
      515            534         8.127e-10      1.113e-13      1.711e-04      1.430e-07   
      516            535         8.126e-10      1.108e-13      1.712e-04      1.420e-07   
      517            536         8.125e-10      1.104e-13      1.714e-04      1.411e-07   
      518            537         8.124e-10      1.099e-13      1.715e-04      1.402e-07   
      519            538         8.123e-10      1.094e-13      1.717e-04      1.393e-07   
      520            539         8.121e-10      1.089e-13      1.718e-04      1.384e-07   
      521            540         8.120e-10      1.085e-13      1.719e-04      1.375e-07   
      522            541         8.119e-10      1.080e-13      1.721e-04      1.366e-07   
      523            542         8.118e-10      1.076e-13      1.722e-04      1.356e-07   
      524            543         8.117e-10      1.072e-13      1.723e-04      1.347e-07   
      525            544         8.116e-10      1.067e-13      1.724e-04      1.338e-07   
      526            545         8.115e-10      1.063e-13      1.725e-04      1.329e-07   
      527            546         8.114e-10      1.059e-13      1.726e-04      1.321e-07   
      528            547         8.113e-10      1.055e-13      1.728e-04      1.312e-07   
      529            548         8.112e-10      1.051e-13      1.729e-04      1.303e-07   
      530            549         8.111e-10      1.047e-13      1.730e-04      1.294e-07   
      531            550         8.110e-10      1.043e-13      1.731e-04      1.285e-07   
      532            551         8.109e-10      1.039e-13      1.732e-04      1.277e-07   
      533            552         8.108e-10      1.036e-13      1.732e-04      1.268e-07   
      534            553         8.107e-10      1.032e-13      1.733e-04      1.260e-07   
      535            554         8.106e-10      1.028e-13      1.734e-04      1.251e-07   
      536            555         8.105e-10      1.025e-13      1.735e-04      1.243e-07   
      537            556         8.104e-10      1.021e-13      1.736e-04      1.243e-07   
      538            557         8.103e-10      1.018e-13      1.737e-04      1.245e-07   
      539            558         8.102e-10      1.014e-13      1.738e-04      1.246e-07   
      540            559         8.101e-10      1.011e-13      1.738e-04      1.247e-07   
      541            560         8.100e-10      1.008e-13      1.739e-04      1.248e-07   
      542            561         8.098e-10      1.005e-13      1.740e-04      1.250e-07   
      543            562         8.097e-10      1.001e-13      1.741e-04      1.251e-07   
      544            563         8.096e-10      9.982e-14      1.742e-04      1.252e-07   
      545            564         8.096e-10      9.951e-14      1.742e-04      1.253e-07   
      546            565         8.095e-10      9.921e-14      1.743e-04      1.254e-07   
      547            566         8.094e-10      9.891e-14      1.744e-04      1.256e-07   
      548            567         8.093e-10      9.861e-14      1.745e-04      1.257e-07   
      549            568         8.092e-10      9.833e-14      1.745e-04      1.258e-07   
      550            569         8.091e-10      9.804e-14      1.746e-04      1.259e-07   
      551            570         8.090e-10      9.776e-14      1.747e-04      1.261e-07   
      552            571         8.089e-10      9.749e-14      1.747e-04      1.262e-07   
      553            572         8.088e-10      9.722e-14      1.748e-04      1.263e-07   
      554            573         8.087e-10      9.695e-14      1.749e-04      1.265e-07   
      555            574         8.086e-10      9.669e-14      1.750e-04      1.266e-07   
      556            575         8.085e-10      9.644e-14      1.750e-04      1.268e-07   
      557            576         8.084e-10      9.619e-14      1.751e-04      1.269e-07   
      558            577         8.083e-10      9.594e-14      1.752e-04      1.271e-07   
      559            578         8.082e-10      9.570e-14      1.752e-04      1.272e-07   
      560            579         8.081e-10      9.546e-14      1.753e-04      1.274e-07   
      561            580         8.080e-10      9.522e-14      1.754e-04      1.275e-07   
      562            581         8.079e-10      9.499e-14      1.755e-04      1.277e-07   
      563            582         8.078e-10      9.477e-14      1.755e-04      1.279e-07   
      564            583         8.077e-10      9.455e-14      1.756e-04      1.280e-07   
      565            584         8.076e-10      9.433e-14      1.757e-04      1.282e-07   
      566            585         8.075e-10      9.412e-14      1.757e-04      1.284e-07   
      567            586         8.074e-10      9.391e-14      1.758e-04      1.285e-07   
      568            587         8.073e-10      9.371e-14      1.759e-04      1.287e-07   
      569            588         8.072e-10      9.351e-14      1.760e-04      1.289e-07   
      570            589         8.071e-10      9.332e-14      1.760e-04      1.291e-07   
      571            590         8.071e-10      9.313e-14      1.761e-04      1.293e-07   
      572            591         8.070e-10      9.294e-14      1.762e-04      1.295e-07   
      573            592         8.069e-10      9.276e-14      1.762e-04      1.297e-07   
      574            593         8.068e-10      9.258e-14      1.763e-04      1.299e-07   
      575            594         8.067e-10      9.241e-14      1.764e-04      1.301e-07   
      576            595         8.066e-10      9.224e-14      1.765e-04      1.303e-07   
      577            596         8.065e-10      9.207e-14      1.765e-04      1.305e-07   
      578            597         8.064e-10      9.191e-14      1.766e-04      1.307e-07   
      579            598         8.063e-10      9.175e-14      1.767e-04      1.309e-07   
      580            599         8.062e-10      9.160e-14      1.768e-04      1.312e-07   
      581            600         8.061e-10      9.145e-14      1.768e-04      1.314e-07   
      582            601         8.060e-10      9.131e-14      1.769e-04      1.316e-07   
      583            602         8.060e-10      9.117e-14      1.770e-04      1.319e-07   
      584            603         8.059e-10      9.103e-14      1.770e-04      1.321e-07   
      585            604         8.058e-10      9.090e-14      1.771e-04      1.324e-07   
      586            605         8.057e-10      9.077e-14      1.772e-04      1.326e-07   
      587            606         8.056e-10      9.065e-14      1.772e-04      1.329e-07   
      588            607         8.055e-10      9.053e-14      1.773e-04      1.331e-07   
      589            608         8.054e-10      9.041e-14      1.773e-04      1.334e-07   
      590            609         8.053e-10      9.030e-14      1.774e-04      1.337e-07   
      591            610         8.052e-10      9.019e-14      1.774e-04      1.340e-07   
      592            611         8.051e-10      9.008e-14      1.775e-04      1.342e-07   
      593            612         8.050e-10      8.998e-14      1.775e-04      1.345e-07   
      594            613         8.050e-10      8.988e-14      1.776e-04      1.349e-07   
      595            614         8.049e-10      8.978e-14      1.776e-04      1.352e-07   
      596            615         8.048e-10      8.969e-14      1.776e-04      1.355e-07   
      597            616         8.047e-10      8.959e-14      1.776e-04      1.358e-07   
      598            617         8.046e-10      8.950e-14      1.776e-04      1.362e-07   
      599            618         8.045e-10      8.941e-14      1.776e-04      1.365e-07   
      600            619         8.044e-10      8.932e-14      1.776e-04      1.369e-07   
      601            620         8.043e-10      8.924e-14      1.776e-04      1.372e-07   
      602            621         8.042e-10      8.915e-14      1.776e-04      1.376e-07   
      603            622         8.042e-10      8.907e-14      1.776e-04      1.379e-07   
      604            623         8.041e-10      8.898e-14      1.775e-04      1.383e-07   
      605            624         8.040e-10      8.889e-14      1.775e-04      1.387e-07   
      606            625         8.039e-10      8.881e-14      1.774e-04      1.391e-07   
      607            626         8.038e-10      8.872e-14      1.773e-04      1.394e-07   
      608            627         8.037e-10      8.863e-14      1.773e-04      1.398e-07   
      609            628         8.036e-10      8.854e-14      1.772e-04      1.402e-07   
      610            629         8.035e-10      8.845e-14      1.771e-04      1.405e-07   
      611            630         8.034e-10      8.836e-14      1.770e-04      1.409e-07   
      612            631         8.034e-10      8.827e-14      1.769e-04      1.412e-07   
      613            632         8.033e-10      8.818e-14      1.767e-04      1.415e-07   
      614            633         8.032e-10      8.809e-14      1.766e-04      1.418e-07   
      615            634         8.031e-10      8.799e-14      1.765e-04      1.421e-07   
      616            635         8.030e-10      8.790e-14      1.764e-04      1.424e-07   
      617            636         8.029e-10      8.781e-14      1.762e-04      1.426e-07   
      618            637         8.028e-10      8.771e-14      1.761e-04      1.428e-07   
      619            638         8.027e-10      8.762e-14      1.759e-04      1.430e-07   
      620            639         8.027e-10      8.752e-14      1.758e-04      1.432e-07   
      621            640         8.026e-10      8.743e-14      1.756e-04      1.434e-07   
      622            641         8.025e-10      8.734e-14      1.755e-04      1.435e-07   
      623            642         8.024e-10      8.725e-14      1.753e-04      1.436e-07   
      624            643         8.023e-10      8.716e-14      1.752e-04      1.436e-07   
      625            644         8.022e-10      8.708e-14      1.750e-04      1.437e-07   
      626            645         8.021e-10      8.699e-14      1.749e-04      1.437e-07   
      627            646         8.020e-10      8.691e-14      1.747e-04      1.437e-07   
      628            647         8.020e-10      8.683e-14      1.746e-04      1.437e-07   
      629            648         8.019e-10      8.676e-14      1.744e-04      1.436e-07   
      630            649         8.018e-10      8.668e-14      1.743e-04      1.435e-07   
      631            650         8.017e-10      8.661e-14      1.742e-04      1.434e-07   
      632            651         8.016e-10      8.655e-14      1.740e-04      1.433e-07   
      633            652         8.015e-10      8.648e-14      1.739e-04      1.432e-07   
      634            653         8.014e-10      8.642e-14      1.738e-04      1.430e-07   
      635            654         8.013e-10      8.636e-14      1.737e-04      1.429e-07   
      636            655         8.013e-10      8.630e-14      1.736e-04      1.427e-07   
      637            656         8.012e-10      8.624e-14      1.735e-04      1.425e-07   
      638            657         8.011e-10      8.619e-14      1.734e-04      1.422e-07   
      639            658         8.010e-10      8.613e-14      1.733e-04      1.420e-07   
      640            659         8.009e-10      8.608e-14      1.732e-04      1.418e-07   
      641            660         8.008e-10      8.603e-14      1.731e-04      1.415e-07   
      642            661         8.007e-10      8.597e-14      1.730e-04      1.413e-07   
      643            662         8.007e-10      8.592e-14      1.730e-04      1.410e-07   
      644            663         8.006e-10      8.587e-14      1.729e-04      1.407e-07   
      645            664         8.005e-10      8.581e-14      1.728e-04      1.404e-07   
      646            665         8.004e-10      8.575e-14      1.728e-04      1.402e-07   
      647            666         8.003e-10      8.568e-14      1.727e-04      1.399e-07   
      648            667         8.002e-10      8.562e-14      1.727e-04      1.396e-07   
      649            668         8.001e-10      8.554e-14      1.727e-04      1.393e-07   
      650            669         8.001e-10      8.546e-14      1.726e-04      1.390e-07   
      651            670         8.000e-10      8.537e-14      1.726e-04      1.387e-07   
      652            671         7.999e-10      8.527e-14      1.726e-04      1.385e-07   
      653            672         7.998e-10      8.516e-14      1.726e-04      1.382e-07   
      654            673         7.997e-10      8.504e-14      1.726e-04      1.379e-07   
      655            674         7.996e-10      8.491e-14      1.726e-04      1.377e-07   
      656            675         7.995e-10      8.476e-14      1.726e-04      1.374e-07   
      657            676         7.995e-10      8.460e-14      1.726e-04      1.372e-07   
      658            677         7.994e-10      8.443e-14      1.726e-04      1.369e-07   
      659            678         7.993e-10      8.425e-14      1.727e-04      1.367e-07   
      660            679         7.992e-10      8.405e-14      1.727e-04      1.365e-07   
      661            680         7.991e-10      8.383e-14      1.727e-04      1.363e-07   
      662            681         7.990e-10      8.361e-14      1.728e-04      1.362e-07   
      663            682         7.990e-10      8.337e-14      1.728e-04      1.360e-07   
      664            683         7.989e-10      8.311e-14      1.729e-04      1.359e-07   
      665            684         7.988e-10      8.285e-14      1.729e-04      1.357e-07   
      666            685         7.987e-10      8.258e-14      1.730e-04      1.356e-07   
      667            686         7.986e-10      8.230e-14      1.730e-04      1.355e-07   
      668            687         7.985e-10      8.201e-14      1.731e-04      1.354e-07   
      669            688         7.985e-10      8.172e-14      1.731e-04      1.354e-07   
      670            689         7.984e-10      8.142e-14      1.732e-04      1.353e-07   
      671            690         7.983e-10      8.112e-14      1.732e-04      1.353e-07   
      672            691         7.982e-10      8.081e-14      1.733e-04      1.352e-07   
      673            692         7.981e-10      8.051e-14      1.734e-04      1.352e-07   
      674            693         7.981e-10      8.020e-14      1.734e-04      1.352e-07   
      675            694         7.980e-10      7.989e-14      1.735e-04      1.352e-07   
      676            695         7.979e-10      7.958e-14      1.736e-04      1.353e-07   
Optimization terminated successfully.
`ftol` condition satisfied. (ftol=1.00e-04)
         Current function value: 7.979e-10
         Total delta_x: 9.233e-02
         Iterations: 676
         Function evaluations: 695
         Jacobian evaluations: 677
Timer: Solution time = 2.45 min
Timer: Avg time per step = 217 ms
==============================================================================================================
                                                                 Start  -->   End
Total (sum of squares):                                      1.882e-08  -->   7.979e-10, 
Maximum absolute Force error:                                4.182e+01  -->   6.173e+00 (N)
Minimum absolute Force error:                                1.763e-05  -->   1.829e-05 (N)
Average absolute Force error:                                1.031e+00  -->   2.173e-01 (N)
Maximum absolute Force error:                                1.050e-04  -->   1.549e-05 (normalized)
Minimum absolute Force error:                                4.424e-11  -->   4.591e-11 (normalized)
Average absolute Force error:                                2.589e-06  -->   5.454e-07 (normalized)
LCFS R error:                                                0.000e+00  -->   7.773e-18 (m)
LCFS Z error:                                                0.000e+00  -->   3.477e-18 (m)
Fixed Psi error:                                             0.000e+00  -->   0.000e+00 (Wb)
Fixed pressure profile error:                                0.000e+00  -->   0.000e+00 (Pa)
Fixed current profile error:                                 0.000e+00  -->   0.000e+00 (A)
Fixed sheet current error:                                   0.000e+00  -->   0.000e+00 (~)
==============================================================================================================

Building objective: force
Precomputing transforms
Timer: Precomputing transforms = 136 ms
Timer: Objective build = 156 ms
Building objective: fixed LCFS R
Building objective: fixed LCFS Z
Building objective: fixed Psi
Building objective: fixed pressure
Building objective: fixed current
Building objective: fixed sheet current
Building objective: self_consistency lcfs R
Building objective: self_consistency lcfs Z
Building objective: lambda gauge
Building objective: self_consistency axis R
Building objective: self_consistency axis Z
Timer: Objective build = 187 ms
Timer: LinearConstraintProjection build = 2.81 sec
Number of parameters: 1892
Number of objectives: 11154
Timer: Initializing the optimization = 3.15 sec

Starting optimization
Using method: lsq-exact
Solver options:
------------------------------------------------------------
Maximum Function Evaluations       : 5001
Maximum Allowed Total Δx Norm      : inf
Scaled Termination                 : True
Trust Region Method                : qr
Initial Trust Radius               : 6.158e+02
Maximum Trust Radius               : inf
Minimum Trust Radius               : 2.220e-16
Trust Radius Increase Ratio        : 2.000e+00
Trust Radius Decrease Ratio        : 2.500e-01
Trust Radius Increase Threshold    : 7.500e-01
Trust Radius Decrease Threshold    : 2.500e-01
------------------------------------------------------------ 

   Iteration     Total nfev        Cost      Cost reduction    Step norm     Optimality   
       0              1          1.519e-07                                    5.383e-05   
       1              5          9.899e-09      1.420e-07      1.836e-03      1.689e-05   
       2              7          4.313e-09      5.585e-09      9.840e-04      2.340e-06   
       3              9          3.911e-09      4.028e-10      4.868e-04      8.136e-07   
       4             10          3.619e-09      2.915e-10      7.652e-04      3.089e-06   
       5             11          3.314e-09      3.055e-10      6.118e-04      2.979e-06   
       6             13          3.129e-09      1.846e-10      2.877e-04      8.176e-07   
       7             14          3.028e-09      1.008e-10      5.669e-04      2.340e-06   
       8             15          2.910e-09      1.187e-10      5.730e-04      1.994e-06   
       9             17          2.830e-09      7.949e-11      2.903e-04      6.772e-07   
      10             18          2.796e-09      3.460e-11      5.846e-04      2.688e-06   
      11             19          2.728e-09      6.742e-11      6.139e-04      2.682e-06   
      12             20          2.676e-09      5.230e-11      6.544e-04      2.290e-06   
      13             21          2.625e-09      5.086e-11      6.887e-04      2.071e-06   
      14             22          2.582e-09      4.299e-11      7.044e-04      2.041e-06   
      15             23          2.543e-09      3.938e-11      7.026e-04      1.948e-06   
      16             24          2.506e-09      3.680e-11      6.887e-04      1.772e-06   
      17             25          2.472e-09      3.423e-11      6.677e-04      1.768e-06   
      18             26          2.440e-09      3.120e-11      6.433e-04      1.714e-06   
      19             27          2.412e-09      2.827e-11      6.193e-04      1.715e-06   
      20             28          2.386e-09      2.599e-11      5.994e-04      1.692e-06   
      21             29          2.362e-09      2.433e-11      5.846e-04      1.615e-06   
      22             30          2.339e-09      2.298e-11      5.747e-04      1.512e-06   
      23             31          2.317e-09      2.169e-11      5.685e-04      1.404e-06   
      24             32          2.297e-09      2.037e-11      5.651e-04      1.305e-06   
      25             33          2.278e-09      1.899e-11      5.641e-04      1.224e-06   
      26             34          2.260e-09      1.752e-11      5.658e-04      1.162e-06   
      27             35          2.244e-09      1.600e-11      5.700e-04      1.190e-06   
      28             36          2.230e-09      1.453e-11      5.763e-04      1.224e-06   
      29             37          2.216e-09      1.328e-11      5.835e-04      1.228e-06   
      30             38          2.204e-09      1.238e-11      5.895e-04      1.188e-06   
      31             39          2.192e-09      1.181e-11      5.932e-04      1.104e-06   
      32             40          2.181e-09      1.144e-11      5.945e-04      1.064e-06   
      33             41          2.170e-09      1.113e-11      5.937e-04      1.094e-06   
      34             42          2.159e-09      1.085e-11      5.914e-04      1.116e-06   
      35             43          2.148e-09      1.059e-11      5.878e-04      1.131e-06   
      36             44          2.138e-09      1.034e-11      5.830e-04      1.142e-06   
      37             45          2.128e-09      1.010e-11      5.771e-04      1.147e-06   
      38             46          2.118e-09      9.871e-12      5.702e-04      1.144e-06   
      39             47          2.108e-09      9.676e-12      5.624e-04      1.130e-06   
      40             48          2.099e-09      9.530e-12      5.541e-04      1.106e-06   
      41             49          2.089e-09      9.622e-12      5.456e-04      1.061e-06   
      42             50          2.080e-09      9.436e-12      5.372e-04      1.023e-06   
      43             51          2.070e-09      9.272e-12      5.290e-04      1.000e-06   
      44             52          2.061e-09      9.507e-12      5.216e-04      9.835e-07   
      45             53          2.051e-09      9.504e-12      5.148e-04      9.875e-07   
      46             54          2.042e-09      9.360e-12      5.088e-04      1.011e-06   
      47             55          2.033e-09      9.073e-12      5.034e-04      1.044e-06   
      48             56          2.024e-09      8.763e-12      4.988e-04      1.079e-06   
      49             57          2.016e-09      8.536e-12      4.948e-04      1.111e-06   
      50             58          2.007e-09      8.407e-12      4.914e-04      1.137e-06   
      51             59          1.999e-09      8.327e-12      4.887e-04      1.157e-06   
      52             60          1.991e-09      8.240e-12      4.866e-04      1.172e-06   
      53             61          1.983e-09      8.110e-12      4.850e-04      1.184e-06   
      54             62          1.975e-09      7.922e-12      4.839e-04      1.192e-06   
      55             63          1.967e-09      7.678e-12      4.831e-04      1.197e-06   
      56             64          1.960e-09      7.385e-12      4.825e-04      1.200e-06   
      57             65          1.952e-09      7.049e-12      4.820e-04      1.237e-06   
      58             66          1.946e-09      6.667e-12      4.814e-04      1.276e-06   
      59             67          1.940e-09      6.226e-12      4.808e-04      1.317e-06   
      60             68          1.934e-09      5.702e-12      4.800e-04      1.405e-06   
      61             69          1.929e-09      5.070e-12      4.791e-04      1.587e-06   
      62             70          1.925e-09      4.316e-12      4.780e-04      1.787e-06   
      63             71          1.905e-09      1.910e-11      1.168e-04      1.562e-07   
      64             72          1.904e-09      1.637e-12      2.322e-04      6.084e-07   
      65             73          1.901e-09      3.202e-12      2.323e-04      6.200e-07   
      66             74          1.897e-09      3.068e-12      2.317e-04      6.523e-07   
      67             75          1.894e-09      3.107e-12      2.321e-04      6.676e-07   
      68             76          1.891e-09      3.104e-12      2.326e-04      6.742e-07   
      69             77          1.888e-09      3.073e-12      2.339e-04      6.824e-07   
      70             78          1.885e-09      3.022e-12      2.353e-04      6.880e-07   
      71             79          1.882e-09      2.947e-12      2.369e-04      6.897e-07   
      72             80          1.879e-09      2.881e-12      2.384e-04      6.846e-07   
      73             81          1.877e-09      2.832e-12      2.400e-04      6.725e-07   
      74             82          1.874e-09      2.784e-12      2.417e-04      6.546e-07   
      75             83          1.871e-09      2.738e-12      2.435e-04      6.380e-07   
      76             84          1.868e-09      2.688e-12      2.453e-04      6.193e-07   
      77             85          1.866e-09      2.635e-12      2.473e-04      5.986e-07   
      78             86          1.863e-09      2.579e-12      2.494e-04      5.766e-07   
      79             87          1.861e-09      2.521e-12      2.515e-04      5.542e-07   
      80             88          1.858e-09      2.462e-12      2.537e-04      5.318e-07   
      81             89          1.856e-09      2.402e-12      2.559e-04      5.101e-07   
      82             90          1.853e-09      2.344e-12      2.581e-04      4.909e-07   
      83             91          1.851e-09      2.289e-12      2.602e-04      4.774e-07   
      84             92          1.849e-09      2.235e-12      2.624e-04      4.643e-07   
      85             93          1.847e-09      2.185e-12      2.645e-04      4.515e-07   
      86             94          1.845e-09      2.138e-12      2.665e-04      4.393e-07   
      87             95          1.842e-09      2.094e-12      2.685e-04      4.275e-07   
      88             96          1.840e-09      2.053e-12      2.704e-04      4.162e-07   
      89             97          1.838e-09      2.014e-12      2.722e-04      4.054e-07   
      90             98          1.836e-09      1.978e-12      2.740e-04      3.950e-07   
      91             99          1.834e-09      1.944e-12      2.757e-04      3.850e-07   
      92             100         1.833e-09      1.911e-12      2.772e-04      3.753e-07   
      93             101         1.831e-09      1.881e-12      2.787e-04      3.660e-07   
      94             102         1.829e-09      1.851e-12      2.801e-04      3.570e-07   
      95             103         1.827e-09      1.823e-12      2.815e-04      3.570e-07   
      96             104         1.825e-09      1.797e-12      2.827e-04      3.577e-07   
      97             105         1.823e-09      1.771e-12      2.839e-04      3.580e-07   
      98             106         1.822e-09      1.746e-12      2.849e-04      3.582e-07   
      99             107         1.820e-09      1.722e-12      2.859e-04      3.582e-07   
      100            108         1.818e-09      1.699e-12      2.868e-04      3.580e-07   
      101            109         1.817e-09      1.677e-12      2.876e-04      3.576e-07   
      102            110         1.815e-09      1.654e-12      2.883e-04      3.570e-07   
      103            111         1.813e-09      1.633e-12      2.890e-04      3.562e-07   
      104            112         1.812e-09      1.612e-12      2.895e-04      3.554e-07   
      105            113         1.810e-09      1.591e-12      2.900e-04      3.543e-07   
      106            114         1.809e-09      1.570e-12      2.903e-04      3.531e-07   
      107            115         1.807e-09      1.550e-12      2.906e-04      3.518e-07   
      108            116         1.805e-09      1.530e-12      2.908e-04      3.503e-07   
      109            117         1.804e-09      1.510e-12      2.910e-04      3.487e-07   
      110            118         1.802e-09      1.490e-12      2.910e-04      3.469e-07   
      111            119         1.801e-09      1.471e-12      2.910e-04      3.449e-07   
      112            120         1.800e-09      1.452e-12      2.909e-04      3.428e-07   
      113            121         1.798e-09      1.433e-12      2.908e-04      3.406e-07   
      114            122         1.797e-09      1.415e-12      2.905e-04      3.382e-07   
      115            123         1.795e-09      1.397e-12      2.903e-04      3.356e-07   
      116            124         1.794e-09      1.379e-12      2.900e-04      3.330e-07   
      117            125         1.793e-09      1.362e-12      2.896e-04      3.301e-07   
      118            126         1.791e-09      1.345e-12      2.892e-04      3.272e-07   
      119            127         1.790e-09      1.328e-12      2.888e-04      3.241e-07   
      120            128         1.789e-09      1.312e-12      2.883e-04      3.209e-07   
      121            129         1.787e-09      1.297e-12      2.878e-04      3.176e-07   
      122            130         1.786e-09      1.281e-12      2.873e-04      3.142e-07   
      123            131         1.785e-09      1.267e-12      2.868e-04      3.108e-07   
      124            132         1.783e-09      1.253e-12      2.862e-04      3.072e-07   
      125            133         1.782e-09      1.239e-12      2.856e-04      3.035e-07   
      126            134         1.781e-09      1.226e-12      2.851e-04      2.999e-07   
      127            135         1.780e-09      1.214e-12      2.845e-04      2.961e-07   
      128            136         1.779e-09      1.202e-12      2.839e-04      2.923e-07   
      129            137         1.777e-09      1.191e-12      2.833e-04      2.885e-07   
      130            138         1.776e-09      1.190e-12      2.827e-04      2.816e-07   
      131            139         1.775e-09      1.170e-12      2.821e-04      2.779e-07   
      132            140         1.774e-09      1.161e-12      2.816e-04      2.741e-07   
      133            141         1.773e-09      1.152e-12      2.810e-04      2.703e-07   
      134            142         1.772e-09      1.144e-12      2.804e-04      2.664e-07   
      135            143         1.770e-09      1.137e-12      2.799e-04      2.624e-07   
      136            144         1.769e-09      1.130e-12      2.794e-04      2.585e-07   
      137            145         1.768e-09      1.124e-12      2.789e-04      2.544e-07   
      138            146         1.767e-09      1.119e-12      2.784e-04      2.502e-07   
      139            147         1.766e-09      1.114e-12      2.779e-04      2.459e-07   
      140            148         1.765e-09      1.111e-12      2.775e-04      2.415e-07   
      141            149         1.764e-09      1.108e-12      2.770e-04      2.369e-07   
      142            150         1.763e-09      1.106e-12      2.766e-04      2.322e-07   
      143            151         1.761e-09      1.104e-12      2.763e-04      2.272e-07   
      144            152         1.760e-09      1.104e-12      2.759e-04      2.220e-07   
      145            153         1.759e-09      1.104e-12      2.756e-04      2.166e-07   
      146            154         1.758e-09      1.106e-12      2.753e-04      2.110e-07   
      147            155         1.757e-09      1.108e-12      2.750e-04      2.050e-07   
      148            156         1.756e-09      1.110e-12      2.747e-04      1.989e-07   
      149            157         1.755e-09      1.114e-12      2.745e-04      1.924e-07   
      150            158         1.754e-09      1.118e-12      2.743e-04      1.950e-07   
      151            159         1.753e-09      1.123e-12      2.741e-04      1.977e-07   
      152            160         1.751e-09      1.129e-12      2.740e-04      2.007e-07   
      153            161         1.750e-09      1.135e-12      2.738e-04      2.039e-07   
      154            162         1.749e-09      1.141e-12      2.737e-04      2.073e-07   
      155            163         1.748e-09      1.148e-12      2.736e-04      2.109e-07   
      156            164         1.747e-09      1.156e-12      2.736e-04      2.146e-07   
      157            165         1.746e-09      1.163e-12      2.735e-04      2.185e-07   
      158            166         1.745e-09      1.170e-12      2.735e-04      2.224e-07   
      159            167         1.743e-09      1.178e-12      2.735e-04      2.264e-07   
      160            168         1.742e-09      1.184e-12      2.735e-04      2.305e-07   
      161            169         1.741e-09      1.191e-12      2.736e-04      2.345e-07   
      162            170         1.740e-09      1.196e-12      2.736e-04      2.385e-07   
      163            171         1.739e-09      1.201e-12      2.737e-04      2.423e-07   
      164            172         1.737e-09      1.204e-12      2.738e-04      2.460e-07   
      165            173         1.736e-09      1.206e-12      2.740e-04      2.496e-07   
      166            174         1.735e-09      1.205e-12      2.742e-04      2.529e-07   
      167            175         1.734e-09      1.203e-12      2.744e-04      2.560e-07   
      168            176         1.733e-09      1.199e-12      2.747e-04      2.589e-07   
      169            177         1.731e-09      1.192e-12      2.750e-04      2.616e-07   
      170            178         1.730e-09      1.169e-12      2.754e-04      2.662e-07   
      171            179         1.729e-09      1.168e-12      2.758e-04      2.689e-07   
      172            180         1.728e-09      1.154e-12      2.762e-04      2.714e-07   
      173            181         1.727e-09      1.139e-12      2.767e-04      2.738e-07   
      174            182         1.726e-09      1.122e-12      2.772e-04      2.761e-07   
      175            183         1.725e-09      1.105e-12      2.776e-04      2.785e-07   
      176            184         1.723e-09      1.088e-12      2.781e-04      2.808e-07   
      177            185         1.722e-09      1.071e-12      2.784e-04      2.833e-07   
      178            186         1.721e-09      1.056e-12      2.786e-04      2.859e-07   
      179            187         1.720e-09      1.043e-12      2.787e-04      2.886e-07   
      180            188         1.719e-09      1.034e-12      2.784e-04      2.911e-07   
      181            189         1.718e-09      1.039e-12      2.779e-04      2.914e-07   
      182            190         1.717e-09      1.019e-12      2.770e-04      2.938e-07   
      183            191         1.716e-09      1.021e-12      2.758e-04      2.945e-07   
      184            192         1.715e-09      1.027e-12      2.745e-04      2.930e-07   
      185            193         1.714e-09      1.041e-12      2.732e-04      2.885e-07   
      186            194         1.713e-09      1.059e-12      2.720e-04      2.834e-07   
      187            195         1.712e-09      1.074e-12      2.711e-04      2.810e-07   
      188            196         1.711e-09      1.081e-12      2.706e-04      2.771e-07   
      189            197         1.710e-09      1.076e-12      2.704e-04      2.722e-07   
      190            198         1.709e-09      1.061e-12      2.706e-04      2.664e-07   
      191            199         1.708e-09      1.039e-12      2.710e-04      2.600e-07   
      192            200         1.707e-09      1.014e-12      2.715e-04      2.531e-07   
      193            201         1.706e-09      9.769e-13      2.722e-04      2.483e-07   
      194            202         1.705e-09      9.638e-13      2.729e-04      2.409e-07   
      195            203         1.704e-09      9.420e-13      2.736e-04      2.334e-07   
      196            204         1.703e-09      9.227e-13      2.742e-04      2.297e-07   
      197            205         1.702e-09      9.157e-13      2.749e-04      2.236e-07   
      198            206         1.701e-09      8.904e-13      2.755e-04      2.201e-07   
      199            207         1.700e-09      8.792e-13      2.761e-04      2.162e-07   
      200            208         1.699e-09      8.695e-13      2.766e-04      2.169e-07   
      201            209         1.698e-09      8.623e-13      2.771e-04      2.198e-07   
      202            210         1.698e-09      8.571e-13      2.775e-04      2.220e-07   
      203            211         1.697e-09      8.538e-13      2.780e-04      2.252e-07   
      204            212         1.696e-09      8.522e-13      2.783e-04      2.307e-07   
      205            213         1.695e-09      8.521e-13      2.786e-04      2.413e-07   
      206            214         1.694e-09      8.531e-13      2.789e-04      2.525e-07   
      207            215         1.693e-09      8.550e-13      2.792e-04      2.629e-07   
      208            216         1.692e-09      8.576e-13      2.794e-04      2.732e-07   
      209            217         1.692e-09      8.605e-13      2.796e-04      2.848e-07   
      210            218         1.691e-09      8.635e-13      2.798e-04      2.952e-07   
      211            219         1.690e-09      8.661e-13      2.800e-04      3.045e-07   
      212            220         1.689e-09      8.680e-13      2.802e-04      3.127e-07   
      213            221         1.688e-09      8.691e-13      2.805e-04      3.197e-07   
      214            222         1.687e-09      8.690e-13      2.807e-04      3.257e-07   
      215            223         1.686e-09      8.676e-13      2.811e-04      3.306e-07   
      216            224         1.686e-09      8.648e-13      2.814e-04      3.346e-07   
      217            225         1.685e-09      8.606e-13      2.819e-04      3.375e-07   
      218            226         1.684e-09      8.552e-13      2.823e-04      3.394e-07   
      219            227         1.683e-09      8.486e-13      2.829e-04      3.403e-07   
      220            228         1.682e-09      8.410e-13      2.834e-04      3.402e-07   
      221            229         1.681e-09      8.328e-13      2.840e-04      3.389e-07   
      222            230         1.681e-09      8.240e-13      2.846e-04      3.365e-07   
      223            231         1.680e-09      8.151e-13      2.852e-04      3.329e-07   
      224            232         1.679e-09      8.061e-13      2.859e-04      3.281e-07   
      225            233         1.678e-09      7.973e-13      2.865e-04      3.221e-07   
      226            234         1.677e-09      7.889e-13      2.871e-04      3.149e-07   
      227            235         1.677e-09      7.809e-13      2.876e-04      3.066e-07   
      228            236         1.676e-09      7.734e-13      2.882e-04      2.972e-07   
      229            237         1.675e-09      7.664e-13      2.887e-04      2.870e-07   
      230            238         1.674e-09      7.597e-13      2.891e-04      2.760e-07   
      231            239         1.673e-09      7.534e-13      2.894e-04      2.685e-07   
      232            240         1.673e-09      7.472e-13      2.897e-04      2.688e-07   
      233            241         1.672e-09      7.410e-13      2.899e-04      2.685e-07   
      234            242         1.671e-09      7.241e-13      2.899e-04      2.696e-07   
      235            243         1.671e-09      7.264e-13      2.898e-04      2.680e-07   
      236            244         1.670e-09      7.181e-13      2.896e-04      2.654e-07   
      237            245         1.669e-09      7.091e-13      2.892e-04      2.620e-07   
      238            246         1.668e-09      6.988e-13      2.887e-04      2.575e-07   
      239            247         1.668e-09      6.873e-13      2.880e-04      2.521e-07   
      240            248         1.667e-09      6.744e-13      2.871e-04      2.458e-07   
      241            249         1.666e-09      6.603e-13      2.861e-04      2.386e-07   
      242            250         1.666e-09      6.449e-13      2.850e-04      2.307e-07   
      243            251         1.665e-09      6.283e-13      2.837e-04      2.222e-07   
      244            252         1.664e-09      6.108e-13      2.823e-04      2.131e-07   
      245            253         1.664e-09      5.924e-13      2.807e-04      2.036e-07   
      246            254         1.663e-09      5.734e-13      2.791e-04      2.095e-07   
      247            255         1.663e-09      5.539e-13      2.774e-04      2.176e-07   
      248            256         1.662e-09      5.342e-13      2.756e-04      2.257e-07   
      249            257         1.662e-09      5.144e-13      2.737e-04      2.336e-07   
      250            258         1.661e-09      4.947e-13      2.718e-04      2.412e-07   
      251            259         1.661e-09      4.752e-13      2.697e-04      2.482e-07   
      252            260         1.660e-09      4.561e-13      2.675e-04      2.546e-07   
      253            261         1.660e-09      4.374e-13      2.652e-04      2.602e-07   
      254            262         1.659e-09      4.193e-13      2.627e-04      2.649e-07   
      255            263         1.659e-09      4.020e-13      2.601e-04      2.686e-07   
      256            264         1.659e-09      3.854e-13      2.573e-04      2.711e-07   
      257            265         1.658e-09      3.696e-13      2.543e-04      2.724e-07   
      258            266         1.658e-09      3.548e-13      2.512e-04      2.724e-07   
      259            267         1.658e-09      3.408e-13      2.478e-04      2.710e-07   
      260            268         1.657e-09      3.277e-13      2.443e-04      2.682e-07   
      261            269         1.657e-09      3.155e-13      2.407e-04      2.642e-07   
      262            270         1.657e-09      3.042e-13      2.369e-04      2.588e-07   
      263            271         1.656e-09      2.938e-13      2.330e-04      2.524e-07   
      264            272         1.656e-09      2.841e-13      2.291e-04      2.450e-07   
      265            273         1.656e-09      2.751e-13      2.252e-04      2.369e-07   
      266            274         1.656e-09      2.668e-13      2.213e-04      2.282e-07   
      267            275         1.655e-09      2.591e-13      2.175e-04      2.192e-07   
      268            276         1.655e-09      2.520e-13      2.138e-04      2.161e-07   
      269            277         1.655e-09      2.453e-13      2.102e-04      2.155e-07   
      270            278         1.655e-09      2.392e-13      2.069e-04      2.144e-07   
      271            279         1.654e-09      2.334e-13      2.037e-04      2.128e-07   
      272            280         1.654e-09      2.281e-13      2.007e-04      2.110e-07   
      273            281         1.654e-09      2.230e-13      1.979e-04      2.088e-07   
      274            282         1.654e-09      2.183e-13      1.953e-04      2.065e-07   
      275            283         1.653e-09      2.138e-13      1.928e-04      2.039e-07   
      276            284         1.653e-09      2.096e-13      1.906e-04      2.012e-07   
      277            285         1.653e-09      2.056e-13      1.885e-04      1.984e-07   
      278            286         1.653e-09      2.018e-13      1.865e-04      1.955e-07   
      279            287         1.653e-09      1.982e-13      1.847e-04      1.926e-07   
      280            288         1.652e-09      1.947e-13      1.830e-04      1.897e-07   
      281            289         1.652e-09      1.914e-13      1.815e-04      1.867e-07   
      282            290         1.652e-09      1.882e-13      1.801e-04      1.838e-07   
      283            291         1.652e-09      1.850e-13      1.787e-04      1.809e-07   
      284            292         1.652e-09      1.820e-13      1.775e-04      1.780e-07   
      285            293         1.651e-09      1.791e-13      1.764e-04      1.751e-07   
      286            294         1.651e-09      1.762e-13      1.753e-04      1.723e-07   
      287            295         1.651e-09      1.734e-13      1.743e-04      1.695e-07   
      288            296         1.651e-09      1.707e-13      1.734e-04      1.667e-07   
      289            297         1.651e-09      1.680e-13      1.725e-04      1.640e-07   
      290            298         1.651e-09      1.654e-13      1.718e-04      1.614e-07   
      291            299         1.650e-09      1.628e-13      1.710e-04      1.588e-07   
Optimization terminated successfully.
`ftol` condition satisfied. (ftol=1.00e-04)
         Current function value: 1.650e-09
         Total delta_x: 7.152e-02
         Iterations: 291
         Function evaluations: 299
         Jacobian evaluations: 292
Timer: Solution time = 58.1 sec
Timer: Avg time per step = 199 ms
==============================================================================================================
                                                                 Start  -->   End
Total (sum of squares):                                      1.519e-07  -->   1.650e-09, 
Maximum absolute Force error:                                2.178e+02  -->   2.405e+01 (N)
Minimum absolute Force error:                                1.373e-04  -->   6.584e-06 (N)
Average absolute Force error:                                3.943e+00  -->   4.053e-01 (N)
Maximum absolute Force error:                                4.174e-04  -->   4.610e-05 (normalized)
Minimum absolute Force error:                                2.632e-10  -->   1.262e-11 (normalized)
Average absolute Force error:                                7.556e-06  -->   7.768e-07 (normalized)
LCFS R error:                                                0.000e+00  -->   1.735e-17 (m)
LCFS Z error:                                                0.000e+00  -->   4.000e-18 (m)
Fixed Psi error:                                             0.000e+00  -->   0.000e+00 (Wb)
Fixed pressure profile error:                                0.000e+00  -->   0.000e+00 (Pa)
Fixed current profile error:                                 0.000e+00  -->   0.000e+00 (A)
Fixed sheet current error:                                   0.000e+00  -->   0.000e+00 (~)
==============================================================================================================

Building objective: force
Precomputing transforms
Timer: Precomputing transforms = 137 ms
Timer: Objective build = 156 ms
Building objective: fixed LCFS R
Building objective: fixed LCFS Z
Building objective: fixed Psi
Building objective: fixed pressure
Building objective: fixed current
Building objective: fixed sheet current
Building objective: self_consistency lcfs R
Building objective: self_consistency lcfs Z
Building objective: lambda gauge
Building objective: self_consistency axis R
Building objective: self_consistency axis Z
Timer: Objective build = 186 ms
Timer: LinearConstraintProjection build = 249 ms
Number of parameters: 1892
Number of objectives: 11154
Timer: Initializing the optimization = 594 ms

Starting optimization
Using method: lsq-exact
Solver options:
------------------------------------------------------------
Maximum Function Evaluations       : 5001
Maximum Allowed Total Δx Norm      : inf
Scaled Termination                 : True
Trust Region Method                : qr
Initial Trust Radius               : 3.023e+03
Maximum Trust Radius               : inf
Minimum Trust Radius               : 2.220e-16
Trust Radius Increase Ratio        : 2.000e+00
Trust Radius Decrease Ratio        : 2.500e-01
Trust Radius Increase Threshold    : 7.500e-01
Trust Radius Decrease Threshold    : 2.500e-01
------------------------------------------------------------ 

   Iteration     Total nfev        Cost      Cost reduction    Step norm     Optimality   
       0              1          2.110e-06                                    1.617e-04   
       1              5          8.753e-07      1.235e-06      3.101e-03      1.703e-04   
       2              6          3.757e-07      4.996e-07      2.447e-03      8.405e-05   
       3              8          2.408e-07      1.348e-07      1.209e-03      2.391e-05   
       4             10          2.299e-07      1.090e-08      5.690e-04      5.289e-06   
       5             11          2.250e-07      4.928e-09      1.038e-03      1.417e-05   
       6             12          2.176e-07      7.445e-09      9.130e-04      1.232e-05   
       7             14          2.127e-07      4.885e-09      4.321e-04      3.087e-06   
       8             15          2.095e-07      3.216e-09      7.897e-04      1.181e-05   
       9             16          2.049e-07      4.527e-09      7.489e-04      1.228e-05   
      10             18          2.014e-07      3.563e-09      3.729e-04      3.252e-06   
      11             19          1.991e-07      2.317e-09      7.277e-04      1.445e-05   
      12             20          1.954e-07      3.671e-09      7.207e-04      1.547e-05   
      13             21          1.920e-07      3.360e-09      7.161e-04      1.665e-05   
      14             22          1.888e-07      3.213e-09      7.127e-04      1.767e-05   
      15             23          1.858e-07      3.024e-09      7.098e-04      1.867e-05   
      16             24          1.829e-07      2.850e-09      7.081e-04      1.951e-05   
      17             25          1.803e-07      2.683e-09      7.079e-04      2.013e-05   
      18             26          1.777e-07      2.524e-09      7.094e-04      2.051e-05   
      19             27          1.754e-07      2.357e-09      7.123e-04      2.069e-05   
      20             28          1.732e-07      2.178e-09      7.166e-04      2.075e-05   
      21             29          1.712e-07      1.992e-09      7.218e-04      2.078e-05   
      22             30          1.694e-07      1.810e-09      7.281e-04      2.082e-05   
      23             31          1.678e-07      1.645e-09      7.357e-04      2.093e-05   
      24             32          1.663e-07      1.496e-09      7.455e-04      2.108e-05   
      25             33          1.649e-07      1.363e-09      7.573e-04      2.122e-05   
      26             34          1.636e-07      1.252e-09      7.701e-04      2.117e-05   
      27             35          1.624e-07      1.227e-09      7.815e-04      2.058e-05   
      28             36          1.611e-07      1.279e-09      7.903e-04      1.919e-05   
      29             37          1.599e-07      1.216e-09      7.971e-04      1.758e-05   
      30             38          1.589e-07      1.047e-09      8.032e-04      1.639e-05   
      31             39          1.580e-07      8.956e-10      8.094e-04      1.572e-05   
      32             40          1.572e-07      7.805e-10      8.165e-04      1.542e-05   
      33             41          1.565e-07      6.906e-10      8.246e-04      1.538e-05   
      34             42          1.559e-07      6.177e-10      8.337e-04      1.565e-05   
      35             43          1.537e-07      2.187e-09      2.133e-04      1.071e-06   
      36             44          1.535e-07      2.209e-10      4.258e-04      3.986e-06   
      37             45          1.531e-07      3.387e-10      4.273e-04      3.962e-06   
      38             46          1.528e-07      3.288e-10      4.304e-04      3.990e-06   
      39             47          1.525e-07      3.212e-10      4.332e-04      4.007e-06   
      40             48          1.522e-07      3.147e-10      4.362e-04      4.010e-06   
      41             49          1.519e-07      3.093e-10      4.393e-04      3.998e-06   
      42             50          1.516e-07      3.049e-10      4.424e-04      4.018e-06   
      43             51          1.513e-07      3.015e-10      4.455e-04      4.042e-06   
      44             52          1.510e-07      2.989e-10      4.487e-04      4.068e-06   
      45             53          1.507e-07      3.008e-10      4.519e-04      4.055e-06   
      46             54          1.504e-07      2.952e-10      4.551e-04      4.091e-06   
      47             55          1.501e-07      2.949e-10      4.581e-04      4.121e-06   
      48             56          1.498e-07      2.947e-10      4.611e-04      4.149e-06   
      49             57          1.495e-07      2.949e-10      4.639e-04      4.171e-06   
      50             58          1.492e-07      2.950e-10      4.666e-04      4.188e-06   
      51             59          1.489e-07      2.952e-10      4.691e-04      4.194e-06   
      52             60          1.486e-07      2.952e-10      4.714e-04      4.189e-06   
      53             61          1.483e-07      2.951e-10      4.736e-04      4.169e-06   
      54             62          1.480e-07      2.950e-10      4.757e-04      4.137e-06   
      55             63          1.477e-07      2.948e-10      4.777e-04      4.167e-06   
      56             64          1.474e-07      2.946e-10      4.796e-04      4.182e-06   
      57             65          1.471e-07      2.943e-10      4.815e-04      4.185e-06   
      58             66          1.468e-07      2.940e-10      4.832e-04      4.177e-06   
      59             67          1.465e-07      2.882e-10      4.846e-04      4.202e-06   
      60             68          1.462e-07      2.918e-10      4.859e-04      4.184e-06   
      61             69          1.460e-07      2.897e-10      4.866e-04      4.162e-06   
      62             70          1.457e-07      2.864e-10      4.867e-04      4.134e-06   
      63             71          1.454e-07      2.814e-10      4.858e-04      4.100e-06   
      64             72          1.451e-07      2.748e-10      4.840e-04      4.055e-06   
      65             73          1.448e-07      2.666e-10      4.811e-04      3.999e-06   
      66             74          1.446e-07      2.573e-10      4.771e-04      3.936e-06   
      67             75          1.443e-07      2.472e-10      4.722e-04      3.922e-06   
      68             76          1.441e-07      2.372e-10      4.665e-04      3.991e-06   
      69             77          1.439e-07      2.279e-10      4.600e-04      4.037e-06   
      70             78          1.437e-07      2.198e-10      4.529e-04      4.186e-06   
      71             79          1.434e-07      2.130e-10      4.450e-04      4.307e-06   
      72             80          1.432e-07      2.077e-10      4.366e-04      4.399e-06   
      73             81          1.430e-07      2.035e-10      4.277e-04      4.457e-06   
      74             82          1.428e-07      2.001e-10      4.186e-04      4.484e-06   
      75             83          1.426e-07      1.969e-10      4.098e-04      4.491e-06   
      76             84          1.424e-07      1.937e-10      4.019e-04      4.496e-06   
      77             85          1.423e-07      1.931e-10      3.953e-04      4.478e-06   
      78             86          1.421e-07      1.846e-10      3.901e-04      4.782e-06   
      79             87          1.419e-07      1.833e-10      3.863e-04      5.058e-06   
      80             88          1.417e-07      1.790e-10      3.837e-04      5.285e-06   
      81             89          1.415e-07      1.746e-10      3.821e-04      5.447e-06   
      82             90          1.414e-07      1.697e-10      3.814e-04      5.543e-06   
      83             91          1.412e-07      1.642e-10      3.813e-04      5.572e-06   
      84             92          1.410e-07      1.582e-10      3.818e-04      5.545e-06   
      85             93          1.409e-07      1.523e-10      3.827e-04      5.476e-06   
      86             94          1.407e-07      1.467e-10      3.838e-04      5.378e-06   
      87             95          1.406e-07      1.414e-10      3.852e-04      5.262e-06   
      88             96          1.405e-07      1.364e-10      3.866e-04      5.324e-06   
      89             97          1.403e-07      1.317e-10      3.881e-04      5.410e-06   
      90             98          1.402e-07      1.272e-10      3.896e-04      5.479e-06   
      91             99          1.401e-07      1.230e-10      3.912e-04      5.534e-06   
      92             100         1.400e-07      1.189e-10      3.928e-04      5.578e-06   
      93             101         1.398e-07      1.150e-10      3.945e-04      5.615e-06   
      94             102         1.397e-07      1.113e-10      3.962e-04      5.645e-06   
      95             103         1.396e-07      1.077e-10      3.982e-04      5.671e-06   
      96             104         1.395e-07      1.041e-10      4.002e-04      5.693e-06   
      97             105         1.394e-07      1.006e-10      4.025e-04      5.767e-06   
      98             106         1.393e-07      9.703e-11      4.050e-04      5.897e-06   
      99             107         1.392e-07      9.353e-11      4.076e-04      6.029e-06   
      100            108         1.391e-07      9.373e-11      4.106e-04      6.149e-06   
      101            109         1.391e-07      8.576e-11      4.135e-04      6.437e-06   
      102            110         1.390e-07      8.371e-11      4.164e-04      6.836e-06   
      103            111         1.387e-07      3.019e-10      1.105e-04      5.908e-07   
      104            112         1.386e-07      3.128e-11      2.157e-04      2.065e-06   
      105            113         1.386e-07      5.841e-11      2.162e-04      2.041e-06   
      106            114         1.385e-07      5.469e-11      2.167e-04      2.114e-06   
      107            115         1.385e-07      5.649e-11      2.172e-04      2.143e-06   
      108            116         1.384e-07      5.606e-11      2.177e-04      2.186e-06   
      109            117         1.384e-07      5.665e-11      2.181e-04      2.219e-06   
      110            118         1.383e-07      5.678e-11      2.184e-04      2.252e-06   
      111            119         1.382e-07      5.715e-11      2.187e-04      2.281e-06   
      112            120         1.382e-07      5.739e-11      2.190e-04      2.308e-06   
      113            121         1.381e-07      5.768e-11      2.192e-04      2.332e-06   
      114            122         1.381e-07      5.791e-11      2.194e-04      2.353e-06   
      115            123         1.380e-07      5.814e-11      2.195e-04      2.371e-06   
      116            124         1.379e-07      5.833e-11      2.196e-04      2.388e-06   
      117            125         1.379e-07      5.849e-11      2.196e-04      2.402e-06   
      118            126         1.378e-07      5.862e-11      2.196e-04      2.414e-06   
      119            127         1.378e-07      5.872e-11      2.196e-04      2.426e-06   
      120            128         1.377e-07      5.879e-11      2.195e-04      2.436e-06   
      121            129         1.377e-07      5.883e-11      2.194e-04      2.446e-06   
      122            130         1.376e-07      5.885e-11      2.193e-04      2.455e-06   
      123            131         1.375e-07      5.885e-11      2.192e-04      2.464e-06   
      124            132         1.375e-07      5.883e-11      2.190e-04      2.474e-06   
      125            133         1.374e-07      5.880e-11      2.189e-04      2.483e-06   
      126            134         1.374e-07      5.875e-11      2.187e-04      2.494e-06   
      127            135         1.373e-07      5.869e-11      2.185e-04      2.504e-06   
      128            136         1.372e-07      5.863e-11      2.183e-04      2.515e-06   
      129            137         1.372e-07      5.857e-11      2.181e-04      2.527e-06   
      130            138         1.371e-07      5.851e-11      2.180e-04      2.539e-06   
      131            139         1.371e-07      5.847e-11      2.178e-04      2.551e-06   
      132            140         1.370e-07      5.844e-11      2.176e-04      2.563e-06   
      133            141         1.370e-07      5.843e-11      2.175e-04      2.575e-06   
      134            142         1.369e-07      5.844e-11      2.173e-04      2.587e-06   
      135            143         1.368e-07      5.850e-11      2.172e-04      2.598e-06   
      136            144         1.368e-07      5.859e-11      2.171e-04      2.608e-06   
      137            145         1.367e-07      5.873e-11      2.170e-04      2.616e-06   
      138            146         1.367e-07      5.892e-11      2.169e-04      2.623e-06   
      139            147         1.366e-07      5.916e-11      2.168e-04      2.627e-06   
      140            148         1.365e-07      5.946e-11      2.167e-04      2.629e-06   
      141            149         1.365e-07      5.979e-11      2.165e-04      2.627e-06   
      142            150         1.364e-07      6.015e-11      2.164e-04      2.622e-06   
      143            151         1.364e-07      6.051e-11      2.163e-04      2.613e-06   
      144            152         1.363e-07      6.083e-11      2.161e-04      2.601e-06   
      145            153         1.362e-07      6.108e-11      2.158e-04      2.586e-06   
      146            154         1.362e-07      6.119e-11      2.155e-04      2.568e-06   
      147            155         1.361e-07      6.112e-11      2.150e-04      2.547e-06   
      148            156         1.361e-07      6.082e-11      2.145e-04      2.525e-06   
      149            157         1.360e-07      6.028e-11      2.138e-04      2.503e-06   
      150            158         1.359e-07      5.862e-11      2.130e-04      2.508e-06   
      151            159         1.359e-07      5.823e-11      2.121e-04      2.492e-06   
      152            160         1.358e-07      5.699e-11      2.110e-04      2.475e-06   
      153            161         1.358e-07      5.561e-11      2.098e-04      2.455e-06   
      154            162         1.357e-07      5.412e-11      2.085e-04      2.434e-06   
      155            163         1.357e-07      5.256e-11      2.071e-04      2.410e-06   
      156            164         1.356e-07      5.098e-11      2.057e-04      2.382e-06   
      157            165         1.356e-07      4.941e-11      2.042e-04      2.351e-06   
      158            166         1.355e-07      4.787e-11      2.027e-04      2.316e-06   
      159            167         1.355e-07      4.638e-11      2.012e-04      2.276e-06   
      160            168         1.354e-07      4.495e-11      1.998e-04      2.232e-06   
      161            169         1.354e-07      4.360e-11      1.984e-04      2.183e-06   
      162            170         1.353e-07      4.233e-11      1.971e-04      2.131e-06   
      163            171         1.353e-07      4.113e-11      1.959e-04      2.075e-06   
      164            172         1.353e-07      4.001e-11      1.948e-04      2.015e-06   
      165            173         1.352e-07      3.896e-11      1.938e-04      1.953e-06   
      166            174         1.352e-07      3.798e-11      1.929e-04      1.888e-06   
      167            175         1.351e-07      3.706e-11      1.921e-04      1.821e-06   
      168            176         1.351e-07      3.619e-11      1.914e-04      1.753e-06   
      169            177         1.351e-07      3.538e-11      1.907e-04      1.684e-06   
      170            178         1.350e-07      3.462e-11      1.901e-04      1.668e-06   
      171            179         1.350e-07      3.389e-11      1.896e-04      1.666e-06   
      172            181         1.350e-07      2.811e-11      9.495e-05      4.244e-07   
      173            182         1.349e-07      2.166e-11      1.889e-04      1.658e-06   
      174            183         1.349e-07      3.221e-11      1.883e-04      1.649e-06   
      175            185         1.349e-07      2.609e-11      9.426e-05      4.193e-07   
      176            186         1.349e-07      2.124e-11      1.877e-04      1.641e-06   
      177            187         1.348e-07      3.077e-11      1.871e-04      1.628e-06   
      178            189         1.348e-07      2.453e-11      9.357e-05      4.141e-07   
      179            190         1.348e-07      2.075e-11      1.864e-04      1.619e-06   
      180            191         1.348e-07      2.956e-11      1.858e-04      1.606e-06   
      181            193         1.347e-07      2.340e-11      9.281e-05      4.103e-07   
      182            194         1.347e-07      2.018e-11      1.849e-04      1.600e-06   
      183            195         1.347e-07      2.860e-11      1.843e-04      1.590e-06   
      184            197         1.347e-07      2.283e-11      9.197e-05      4.102e-07   
      185            198         1.346e-07      1.941e-11      1.833e-04      1.593e-06   
      186            199         1.346e-07      2.793e-11      1.827e-04      1.590e-06   
      187            201         1.346e-07      2.307e-11      9.112e-05      4.214e-07   
      188            202         1.346e-07      1.820e-11      1.818e-04      1.606e-06   
      189            203         1.346e-07      2.763e-11      1.812e-04      1.650e-06   
      190            204         1.345e-07      2.731e-11      1.807e-04      1.715e-06   
      191            205         1.345e-07      2.739e-11      1.803e-04      1.772e-06   
      192            206         1.345e-07      2.751e-11      1.800e-04      1.816e-06   
      193            207         1.344e-07      2.774e-11      1.798e-04      1.839e-06   
      194            208         1.344e-07      2.796e-11      1.798e-04      1.839e-06   
      195            209         1.344e-07      2.812e-11      1.799e-04      1.815e-06   
      196            210         1.344e-07      2.814e-11      1.801e-04      1.770e-06   
      197            211         1.343e-07      2.777e-11      1.803e-04      1.724e-06   
      198            212         1.343e-07      2.766e-11      1.806e-04      1.653e-06   
      199            213         1.343e-07      2.724e-11      1.809e-04      1.576e-06   
      200            214         1.342e-07      2.674e-11      1.811e-04      1.553e-06   
      201            215         1.342e-07      2.621e-11      1.814e-04      1.538e-06   
      202            217         1.342e-07      2.163e-11      9.130e-05      3.925e-07   
      203            218         1.342e-07      1.674e-11      1.820e-04      1.522e-06   
      204            219         1.342e-07      2.509e-11      1.821e-04      1.511e-06   
      205            221         1.341e-07      1.990e-11      9.166e-05      3.861e-07   
      206            222         1.341e-07      1.661e-11      1.825e-04      1.514e-06   
      207            223         1.341e-07      2.398e-11      1.827e-04      1.507e-06   
      208            225         1.341e-07      1.888e-11      9.200e-05      3.856e-07   
      209            226         1.341e-07      1.622e-11      1.831e-04      1.521e-06   
      210            227         1.340e-07      2.314e-11      1.832e-04      1.515e-06   
      211            229         1.340e-07      1.828e-11      9.234e-05      3.883e-07   
      212            230         1.340e-07      1.573e-11      1.837e-04      1.535e-06   
      213            231         1.340e-07      2.251e-11      1.838e-04      1.529e-06   
      214            233         1.340e-07      1.798e-11      9.271e-05      3.931e-07   
      215            234         1.339e-07      1.521e-11      1.842e-04      1.555e-06   
      216            235         1.339e-07      2.207e-11      1.845e-04      1.548e-06   
      217            237         1.339e-07      1.793e-11      9.310e-05      3.993e-07   
      218            238         1.339e-07      1.468e-11      1.849e-04      1.578e-06   
      219            239         1.339e-07      2.179e-11      1.851e-04      1.570e-06   
      220            241         1.339e-07      1.810e-11      9.354e-05      4.064e-07   
      221            242         1.338e-07      1.416e-11      1.856e-04      1.603e-06   
      222            243         1.338e-07      2.168e-11      1.859e-04      1.593e-06   
      223            245         1.338e-07      1.848e-11      9.403e-05      4.136e-07   
      224            246         1.338e-07      1.369e-11      1.864e-04      1.628e-06   
      225            247         1.338e-07      2.174e-11      1.867e-04      1.615e-06   
      226            248         1.337e-07      2.153e-11      1.871e-04      1.622e-06   
      227            249         1.337e-07      2.164e-11      1.874e-04      1.629e-06   
      228            250         1.337e-07      2.175e-11      1.877e-04      1.635e-06   
      229            251         1.337e-07      2.190e-11      1.880e-04      1.639e-06   
      230            252         1.337e-07      2.208e-11      1.883e-04      1.641e-06   
      231            253         1.336e-07      2.228e-11      1.886e-04      1.640e-06   
      232            254         1.336e-07      2.250e-11      1.889e-04      1.636e-06   
      233            255         1.336e-07      2.274e-11      1.891e-04      1.629e-06   
      234            256         1.336e-07      2.300e-11      1.893e-04      1.620e-06   
      235            257         1.335e-07      2.327e-11      1.895e-04      1.608e-06   
      236            258         1.335e-07      2.356e-11      1.897e-04      1.594e-06   
      237            259         1.335e-07      2.387e-11      1.898e-04      1.578e-06   
      238            261         1.335e-07      2.157e-11      9.670e-05      3.983e-07   
      239            262         1.335e-07      1.527e-11      1.899e-04      1.552e-06   
      240            263         1.334e-07      2.506e-11      1.898e-04      1.509e-06   
      241            265         1.334e-07      2.144e-11      9.688e-05      3.834e-07   
      242            266         1.334e-07      1.656e-11      1.899e-04      1.499e-06   
      243            267         1.334e-07      2.599e-11      1.898e-04      1.458e-06   
      244            269         1.333e-07      2.168e-11      9.703e-05      3.685e-07   
      245            270         1.333e-07      1.803e-11      1.898e-04      1.446e-06   
      246            271         1.333e-07      2.711e-11      1.896e-04      1.408e-06   
      247            273         1.333e-07      2.210e-11      9.719e-05      3.540e-07   
      248            274         1.333e-07      1.962e-11      1.897e-04      1.395e-06   
      249            276         1.332e-07      2.268e-11      9.712e-05      3.444e-07   
      250            277         1.332e-07      2.062e-11      1.896e-04      1.364e-06   
      251            279         1.332e-07      2.302e-11      9.715e-05      3.367e-07   
      252            280         1.332e-07      2.163e-11      1.895e-04      1.336e-06   
      253            282         1.331e-07      2.343e-11      9.720e-05      3.293e-07   
      254            283         1.331e-07      2.262e-11      1.893e-04      1.309e-06   
      255            285         1.331e-07      2.385e-11      9.722e-05      3.221e-07   
      256            286         1.331e-07      2.353e-11      1.890e-04      1.284e-06   
      257            288         1.331e-07      2.423e-11      9.717e-05      3.152e-07   
      258            289         1.330e-07      2.431e-11      1.887e-04      1.258e-06   
      259            291         1.330e-07      2.451e-11      9.702e-05      3.084e-07   
      260            292         1.330e-07      2.493e-11      1.882e-04      1.233e-06   
      261            294         1.330e-07      2.466e-11      9.675e-05      3.016e-07   
      262            295         1.329e-07      2.535e-11      1.876e-04      1.207e-06   
      263            297         1.329e-07      2.467e-11      9.637e-05      2.947e-07   
      264            298         1.329e-07      2.558e-11      1.870e-04      1.180e-06   
      265            300         1.329e-07      2.453e-11      9.591e-05      2.875e-07   
      266            301         1.328e-07      2.562e-11      1.862e-04      1.152e-06   
      267            303         1.328e-07      2.428e-11      9.540e-05      2.802e-07   
      268            304         1.328e-07      2.554e-11      1.855e-04      1.123e-06   
      269            306         1.328e-07      2.396e-11      9.491e-05      2.727e-07   
      270            307         1.327e-07      2.537e-11      1.849e-04      1.094e-06   
      271            309         1.327e-07      2.360e-11      9.446e-05      2.652e-07   
      272            310         1.327e-07      2.516e-11      1.844e-04      1.065e-06   
      273            312         1.327e-07      2.323e-11      9.408e-05      2.580e-07   
      274            313         1.326e-07      2.494e-11      1.839e-04      1.039e-06   
      275            315         1.326e-07      2.286e-11      9.376e-05      2.513e-07   
      276            316         1.326e-07      2.473e-11      1.835e-04      1.015e-06   
      277            318         1.326e-07      2.251e-11      9.350e-05      2.453e-07   
      278            319         1.325e-07      2.451e-11      1.832e-04      9.937e-07   
      279            321         1.325e-07      2.217e-11      9.327e-05      2.402e-07   
      280            322         1.325e-07      2.430e-11      1.829e-04      9.764e-07   
      281            324         1.325e-07      2.184e-11      9.306e-05      2.361e-07   
      282            325         1.324e-07      2.408e-11      1.825e-04      9.629e-07   
      283            327         1.324e-07      2.151e-11      9.284e-05      2.331e-07   
      284            328         1.324e-07      2.383e-11      1.821e-04      9.536e-07   
      285            330         1.324e-07      2.115e-11      9.260e-05      2.312e-07   
      286            331         1.324e-07      2.355e-11      1.817e-04      9.485e-07   
      287            333         1.323e-07      2.076e-11      9.231e-05      2.305e-07   
      288            334         1.323e-07      2.323e-11      1.811e-04      9.477e-07   
      289            336         1.323e-07      2.034e-11      9.197e-05      2.309e-07   
      290            337         1.323e-07      2.285e-11      1.805e-04      9.512e-07   
      291            339         1.322e-07      1.988e-11      9.157e-05      2.326e-07   
      292            340         1.322e-07      2.242e-11      1.797e-04      9.589e-07   
      293            342         1.322e-07      1.941e-11      9.112e-05      2.353e-07   
      294            343         1.322e-07      2.194e-11      1.789e-04      9.706e-07   
      295            345         1.322e-07      1.893e-11      9.064e-05      2.392e-07   
      296            346         1.321e-07      2.142e-11      1.781e-04      9.857e-07   
      297            348         1.321e-07      1.846e-11      9.013e-05      2.439e-07   
      298            349         1.321e-07      2.086e-11      1.772e-04      1.004e-06   
      299            351         1.321e-07      1.803e-11      8.964e-05      2.494e-07   
      300            352         1.321e-07      2.030e-11      1.764e-04      1.024e-06   
      301            354         1.321e-07      1.764e-11      8.917e-05      2.553e-07   
      302            355         1.320e-07      1.973e-11      1.755e-04      1.045e-06   
      303            357         1.320e-07      1.729e-11      8.872e-05      2.616e-07   
      304            358         1.320e-07      1.917e-11      1.748e-04      1.067e-06   
      305            360         1.320e-07      1.697e-11      8.832e-05      2.679e-07   
      306            361         1.320e-07      1.861e-11      1.741e-04      1.089e-06   
      307            363         1.319e-07      1.669e-11      8.795e-05      2.741e-07   
      308            364         1.319e-07      1.807e-11      1.734e-04      1.109e-06   
      309            366         1.319e-07      1.643e-11      8.760e-05      2.800e-07   
      310            367         1.319e-07      1.753e-11      1.728e-04      1.129e-06   
      311            369         1.319e-07      1.618e-11      8.728e-05      2.857e-07   
      312            370         1.319e-07      1.701e-11      1.722e-04      1.147e-06   
      313            372         1.318e-07      1.594e-11      8.697e-05      2.909e-07   
      314            373         1.318e-07      1.651e-11      1.717e-04      1.164e-06   
      315            375         1.318e-07      1.571e-11      8.668e-05      2.956e-07   
      316            376         1.318e-07      1.601e-11      1.711e-04      1.179e-06   
      317            378         1.318e-07      1.548e-11      8.639e-05      2.999e-07   
      318            379         1.318e-07      1.551e-11      1.706e-04      1.192e-06   
      319            381         1.317e-07      1.524e-11      8.611e-05      3.038e-07   
      320            382         1.317e-07      1.503e-11      1.701e-04      1.204e-06   
      321            384         1.317e-07      1.501e-11      8.583e-05      3.073e-07   
      322            385         1.317e-07      1.455e-11      1.696e-04      1.214e-06   
      323            386         1.317e-07      1.932e-11      1.692e-04      1.232e-06   
      324            388         1.317e-07      1.456e-11      8.538e-05      3.112e-07   
      325            389         1.317e-07      1.378e-11      1.688e-04      1.253e-06   
      326            390         1.316e-07      1.855e-11      1.684e-04      1.270e-06   
      327            392         1.316e-07      1.417e-11      8.495e-05      3.192e-07   
      328            393         1.316e-07      1.302e-11      1.680e-04      1.288e-06   
Optimization terminated successfully.
`ftol` condition satisfied. (ftol=1.00e-04)
         Current function value: 1.316e-07
         Total delta_x: 6.225e-02
         Iterations: 328
         Function evaluations: 393
         Jacobian evaluations: 329
Timer: Solution time = 1.00 min
Timer: Avg time per step = 183 ms
==============================================================================================================
                                                                 Start  -->   End
Total (sum of squares):                                      2.110e-06  -->   1.316e-07, 
Maximum absolute Force error:                                1.560e+02  -->   4.749e+01 (N)
Minimum absolute Force error:                                2.381e-04  -->   2.100e-04 (N)
Average absolute Force error:                                3.246e+00  -->   7.964e-01 (N)
Maximum absolute Force error:                                1.328e-03  -->   4.043e-04 (normalized)
Minimum absolute Force error:                                2.027e-09  -->   1.787e-09 (normalized)
Average absolute Force error:                                2.763e-05  -->   6.780e-06 (normalized)
LCFS R error:                                                0.000e+00  -->   3.137e-18 (m)
LCFS Z error:                                                0.000e+00  -->   1.542e-18 (m)
Fixed Psi error:                                             0.000e+00  -->   0.000e+00 (Wb)
Fixed pressure profile error:                                0.000e+00  -->   0.000e+00 (Pa)
Fixed current profile error:                                 0.000e+00  -->   0.000e+00 (A)
Fixed sheet current error:                                   0.000e+00  -->   0.000e+00 (~)
==============================================================================================================

