DESC version=0.17.3+411.g8a54240a7.
Using JAX backend: jax version=0.7.2, jaxlib version=0.7.2, dtype=float64.
Using device: NVIDIA GeForce RTX 4080 Laptop GPU (id=0), with 9.89 GB available memory.


Solving for N=1...


Building objective: force
Precomputing transforms
Timer: Precomputing transforms = 1.05 sec
Timer: Objective build = 1.43 sec
Building objective: fixed cross-section R
Building objective: fixed cross-section Z
Building objective: fixed cross-section λ
Building objective: fixed Psi
Building objective: fixed pressure
Building objective: fixed current
Building objective: fixed sheet current
Building objective: lambda gauge
Building objective: self_consistency axis R
Building objective: self_consistency axis Z
Building objective: self_consistency section R
Building objective: self_consistency section Z
Building objective: self_consistency section λ
Timer: Objective build = 384 ms
Timer: LinearConstraintProjection build = 3.49 sec
Number of parameters: 507
Number of objectives: 1900
Timer: Initializing the optimization = 5.37 sec

Starting optimization
Using method: lsq-exact
Solver options:
------------------------------------------------------------
Maximum Function Evaluations       : 1251
Maximum Allowed Total Δx Norm      : inf
Scaled Termination                 : True
Trust Region Method                : qr
Initial Trust Radius               : 1.985e+03
Maximum Trust Radius               : inf
Minimum Trust Radius               : 2.220e-16
Trust Radius Increase Ratio        : 2.000e+00
Trust Radius Decrease Ratio        : 2.500e-01
Trust Radius Increase Threshold    : 7.500e-01
Trust Radius Decrease Threshold    : 2.500e-01
------------------------------------------------------------ 

   Iteration     Total nfev        Cost      Cost reduction    Step norm     Optimality   
       0              1          9.051e-01                                    2.538e-01   
       1              6          8.271e-01      7.805e-02      2.233e-01      5.807e-01   
       2              7          3.013e-01      5.257e-01      6.848e-02      5.109e-02   
       3              8          2.494e-01      5.198e-02      7.613e-02      1.598e-02   
       4              9          2.219e-01      2.745e-02      1.185e-01      6.601e-02   
       5             11          2.018e-01      2.014e-02      6.336e-02      3.259e-02   
       6             12          1.857e-01      1.613e-02      9.289e-02      2.660e-02   
       7             13          1.724e-01      1.324e-02      1.039e-01      5.315e-02   
       8             14          1.500e-01      2.239e-02      6.923e-02      2.656e-02   
       9             15          1.389e-01      1.115e-02      1.012e-01      4.479e-02   
      10             16          1.191e-01      1.974e-02      8.755e-02      2.202e-02   
      11             17          1.079e-01      1.129e-02      1.605e-01      7.020e-02   
      12             18          8.551e-02      2.234e-02      1.572e-01      2.214e-02   
      13             20          8.054e-02      4.967e-03      8.129e-02      1.103e-01   
      14             21          6.910e-02      1.144e-02      7.314e-02      2.539e-02   
      15             22          6.106e-02      8.041e-03      1.402e-01      4.548e-02   
      16             23          5.612e-02      4.943e-03      1.340e-01      6.776e-02   
      17             25          4.495e-02      1.116e-02      4.025e-02      2.514e-02   
      18             27          4.275e-02      2.197e-03      2.054e-02      7.524e-03   
      19             28          4.083e-02      1.927e-03      3.745e-02      1.605e-02   
      20             29          4.059e-02      2.348e-04      7.223e-02      3.945e-02   
      21             30          3.484e-02      5.748e-03      2.079e-02      4.621e-03   
      22             31          3.307e-02      1.775e-03      3.832e-02      1.079e-02   
      23             32          3.212e-02      9.539e-04      7.317e-02      2.762e-02   
      24             33          2.806e-02      4.059e-03      2.184e-02      2.542e-03   
      25             34          2.661e-02      1.451e-03      3.813e-02      9.332e-03   
      26             35          2.638e-02      2.244e-04      7.342e-02      3.177e-02   
      27             36          2.281e-02      3.570e-03      2.183e-02      3.784e-03   
      28             37          2.207e-02      7.439e-04      3.827e-02      1.633e-02   
      29             38          2.136e-02      7.112e-04      3.842e-02      2.528e-02   
      30             39          2.052e-02      8.386e-04      4.212e-02      3.015e-02   
      31             41          1.860e-02      1.921e-03      1.585e-02      5.845e-03   
      32             42          1.819e-02      4.029e-04      2.312e-02      1.555e-02   
      33             43          1.757e-02      6.239e-04      2.316e-02      1.475e-02   
      34             44          1.694e-02      6.314e-04      2.404e-02      1.664e-02   
      35             45          1.638e-02      5.549e-04      2.403e-02      1.676e-02   
      36             46          1.574e-02      6.455e-04      2.436e-02      1.889e-02   
      37             47          1.517e-02      5.684e-04      2.412e-02      1.770e-02   
      38             48          1.450e-02      6.721e-04      2.401e-02      1.824e-02   
      39             49          1.396e-02      5.332e-04      2.361e-02      1.535e-02   
      40             50          1.330e-02      6.661e-04      2.333e-02      1.369e-02   
      41             51          1.284e-02      4.618e-04      2.270e-02      1.065e-02   
      42             52          1.232e-02      5.210e-04      2.253e-02      7.343e-03   
      43             53          1.197e-02      3.470e-04      2.216e-02      8.958e-03   
      44             54          1.164e-02      3.259e-04      2.237e-02      8.522e-03   
      45             55          1.139e-02      2.514e-04      2.246e-02      9.812e-03   
      46             56          1.102e-02      3.686e-04      2.287e-02      8.130e-03   
      47             57          1.098e-02      4.146e-05      2.274e-02      9.843e-03   
      48             58          1.049e-02      4.953e-04      1.397e-02      2.341e-03   
      49             60          1.046e-02      2.483e-05      7.006e-03      2.407e-03   
      50             61          1.043e-02      2.614e-05      5.583e-03      1.748e-03   
      51             62          1.043e-02      2.076e-06      5.429e-03      1.978e-03   
      52             63          1.041e-02      2.304e-05      3.144e-03      1.029e-03   
      53             64          1.040e-02      6.671e-06      1.093e-03      2.694e-04   
Optimization terminated successfully.
`ftol` condition satisfied. (ftol=1.00e-03)
         Current function value: 1.040e-02
         Total delta_x: 1.440e+00
         Iterations: 53
         Function evaluations: 64
         Jacobian evaluations: 54
Timer: Solution time = 12.3 sec
Timer: Avg time per step = 229 ms
==============================================================================================================
                                                                 Start  -->   End
Total (sum of squares):                                      9.051e-01  -->   1.040e-02, 
Maximum absolute Force error:                                3.648e+08  -->   9.391e+07 (N)
Minimum absolute Force error:                                7.772e+03  -->   3.919e+02 (N)
Average absolute Force error:                                4.715e+07  -->   4.267e+06 (N)
Maximum absolute Force error:                                1.345e-01  -->   3.463e-02 (normalized)
Minimum absolute Force error:                                2.866e-06  -->   1.445e-07 (normalized)
Average absolute Force error:                                1.739e-02  -->   1.574e-03 (normalized)
Cross-section R error:                                       0.000e+00  -->   1.591e-17 (m)
Cross-section Z error:                                       0.000e+00  -->   4.458e-16 (m)
Cross-section λ error:                                       0.000e+00  -->   0.000e+00 (m)
Fixed Psi error:                                             0.000e+00  -->   0.000e+00 (Wb)
Fixed pressure profile error:                                0.000e+00  -->   0.000e+00 (Pa)
Fixed current profile error:                                 0.000e+00  -->   0.000e+00 (A)
Fixed sheet current error:                                   0.000e+00  -->   0.000e+00 (~)
==============================================================================================================



Solving for N=2...


Building objective: force
Precomputing transforms
Timer: Precomputing transforms = 86.8 ms
Timer: Objective build = 356 ms
Building objective: fixed cross-section R
Building objective: fixed cross-section Z
Building objective: fixed cross-section λ
Building objective: fixed Psi
Building objective: fixed pressure
Building objective: fixed current
Building objective: fixed sheet current
Building objective: lambda gauge
Building objective: self_consistency axis R
Building objective: self_consistency axis Z
Building objective: self_consistency section R
Building objective: self_consistency section Z
Building objective: self_consistency section λ
Timer: Objective build = 206 ms
Timer: LinearConstraintProjection build = 3.54 sec
Number of parameters: 1014
Number of objectives: 3420
Timer: Initializing the optimization = 4.17 sec

Starting optimization
Using method: lsq-exact
Solver options:
------------------------------------------------------------
Maximum Function Evaluations       : 1251
Maximum Allowed Total Δx Norm      : inf
Scaled Termination                 : True
Trust Region Method                : qr
Initial Trust Radius               : 2.758e+03
Maximum Trust Radius               : inf
Minimum Trust Radius               : 2.220e-16
Trust Radius Increase Ratio        : 2.000e+00
Trust Radius Decrease Ratio        : 2.500e-01
Trust Radius Increase Threshold    : 7.500e-01
Trust Radius Decrease Threshold    : 2.500e-01
------------------------------------------------------------ 

   Iteration     Total nfev        Cost      Cost reduction    Step norm     Optimality   
       0              1          2.202e-02                                    5.177e-02   
       1              6          1.421e-02      7.811e-03      6.399e-02      5.013e-02   
       2              7          7.499e-03      6.707e-03      4.808e-02      1.595e-02   
       3              9          5.792e-03      1.707e-03      2.588e-02      3.543e-03   
       4             10          5.420e-03      3.725e-04      4.049e-02      1.001e-02   
       5             11          4.954e-03      4.657e-04      3.887e-02      1.017e-02   
       6             12          4.503e-03      4.510e-04      3.271e-02      1.110e-02   
       7             13          3.962e-03      5.415e-04      3.287e-02      4.288e-03   
       8             15          3.775e-03      1.867e-04      1.569e-02      1.798e-03   
       9             16          3.582e-03      1.924e-04      2.576e-02      7.084e-03   
      10             17          3.320e-03      2.626e-04      2.467e-02      4.908e-03   
      11             18          3.079e-03      2.405e-04      2.263e-02      6.306e-03   
      12             19          2.853e-03      2.262e-04      2.270e-02      4.105e-03   
      13             20          2.736e-03      1.172e-04      4.007e-02      6.047e-03   
      14             21          2.590e-03      1.461e-04      4.010e-02      7.988e-03   
      15             22          2.329e-03      2.609e-04      4.108e-02      4.472e-03   
      16             23          2.070e-03      2.588e-04      4.291e-02      5.448e-03   
      17             24          1.903e-03      1.667e-04      4.432e-02      3.589e-03   
      18             25          1.775e-03      1.284e-04      4.470e-02      3.257e-03   
      19             26          1.678e-03      9.711e-05      4.462e-02      2.726e-03   
      20             27          1.611e-03      6.713e-05      4.410e-02      3.747e-03   
      21             29          1.483e-03      1.282e-04      1.341e-02      9.140e-04   
      22             30          1.473e-03      9.175e-06      2.401e-02      2.368e-03   
      23             31          1.412e-03      6.125e-05      6.775e-03      3.587e-04   
      24             32          1.393e-03      1.953e-05      1.212e-02      9.282e-04   
      25             33          1.385e-03      7.905e-06      2.087e-02      2.650e-03   
      26             34          1.332e-03      5.299e-05      5.620e-03      3.223e-04   
      27             35          1.315e-03      1.645e-05      1.012e-02      9.502e-04   
      28             36          1.307e-03      8.141e-06      1.791e-02      2.710e-03   
      29             37          1.266e-03      4.148e-05      4.826e-03      3.512e-04   
      30             38          1.252e-03      1.340e-05      8.894e-03      1.025e-03   
      31             39          1.251e-03      1.295e-06      1.637e-02      2.907e-03   
      32             40          1.207e-03      4.343e-05      4.603e-03      4.468e-04   
      33             41          1.199e-03      8.391e-06      8.646e-03      1.301e-03   
      34             42          1.187e-03      1.242e-05      8.806e-03      1.717e-03   
      35             43          1.180e-03      6.557e-06      9.139e-03      2.488e-03   
      36             44          1.152e-03      2.825e-05      2.818e-03      3.713e-04   
      37             45          1.148e-03      3.569e-06      5.300e-03      1.308e-03   
      38             46          1.139e-03      9.087e-06      5.435e-03      1.408e-03   
      39             47          1.129e-03      9.848e-06      5.548e-03      1.460e-03   
      40             48          1.118e-03      1.136e-05      5.597e-03      1.386e-03   
      41             49          1.106e-03      1.228e-05      5.583e-03      1.217e-03   
      42             50          1.093e-03      1.223e-05      5.512e-03      1.013e-03   
      43             52          1.085e-03      8.852e-06      2.842e-03      2.122e-04   
      44             53          1.076e-03      8.319e-06      5.323e-03      7.546e-04   
      45             54          1.074e-03      2.139e-06      1.003e-02      2.341e-03   
      46             55          1.050e-03      2.452e-05      2.665e-03      1.039e-04   
      47             56          1.041e-03      8.501e-06      4.998e-03      4.821e-04   
      48             57          1.037e-03      3.850e-06      9.476e-03      1.828e-03   
      49             58          1.017e-03      2.011e-05      2.467e-03      2.086e-04   
      50             59          1.010e-03      7.527e-06      4.703e-03      6.751e-04   
      51             61          1.004e-03      5.849e-06      2.370e-03      2.298e-04   
      52             62          9.967e-04      7.105e-06      4.582e-03      7.907e-04   
      53             64          9.908e-04      5.890e-06      2.310e-03      2.637e-04   
      54             65          9.840e-04      6.759e-06      4.477e-03      9.032e-04   
      55             67          9.781e-04      5.912e-06      2.259e-03      2.959e-04   
      56             68          9.717e-04      6.405e-06      4.384e-03      1.005e-03   
      57             70          9.657e-04      6.003e-06      2.216e-03      3.251e-04   
      58             71          9.597e-04      6.006e-06      4.306e-03      1.088e-03   
      59             72          9.518e-04      7.875e-06      4.266e-03      1.146e-03   
      60             74          9.454e-04      6.417e-06      2.166e-03      3.630e-04   
      61             75          9.401e-04      5.361e-06      4.218e-03      1.188e-03   
      62             76          9.322e-04      7.897e-06      4.195e-03      1.208e-03   
      63             77          9.242e-04      7.917e-06      4.177e-03      1.210e-03   
      64             78          9.162e-04      8.042e-06      4.162e-03      1.178e-03   
      65             79          9.081e-04      8.084e-06      4.148e-03      1.125e-03   
      66             81          9.016e-04      6.505e-06      2.117e-03      3.250e-04   
      67             82          8.960e-04      5.601e-06      4.132e-03      1.001e-03   
      68             83          8.882e-04      7.840e-06      4.113e-03      9.516e-04   
      69             85          8.824e-04      5.791e-06      2.099e-03      2.733e-04   
      70             86          8.766e-04      5.810e-06      4.097e-03      8.556e-04   
      71             88          8.711e-04      5.460e-06      2.087e-03      2.453e-04   
      72             89          8.652e-04      5.921e-06      4.074e-03      7.895e-04   
      73             90          8.627e-04      2.442e-06      7.820e-03      2.530e-03   
      74             91          8.459e-04      1.684e-05      2.036e-03      2.036e-04   
      75             92          8.397e-04      6.164e-06      3.967e-03      6.219e-04   
      76             93          8.318e-04      7.918e-06      7.575e-03      1.991e-03   
      77             94          8.175e-04      1.436e-05      7.363e-03      1.752e-03   
      78             96          8.070e-04      1.048e-05      3.697e-03      4.115e-04   
      79             97          7.992e-04      7.784e-06      7.108e-03      1.439e-03   
      80             98          7.881e-04      1.110e-05      6.913e-03      1.400e-03   
      81             99          7.773e-04      1.079e-05      6.755e-03      1.521e-03   
      82             100         7.667e-04      1.064e-05      6.610e-03      1.557e-03   
      83             101         7.561e-04      1.059e-05      6.474e-03      1.525e-03   
      84             102         7.456e-04      1.046e-05      6.345e-03      1.453e-03   
      85             103         7.354e-04      1.024e-05      6.224e-03      1.363e-03   
      86             104         7.254e-04      9.953e-06      6.110e-03      1.270e-03   
      87             105         7.158e-04      9.644e-06      6.004e-03      1.184e-03   
      88             106         7.064e-04      9.347e-06      5.907e-03      1.105e-03   
      89             108         6.991e-04      7.323e-06      2.952e-03      2.892e-04   
      90             109         6.929e-04      6.184e-06      5.778e-03      9.957e-04   
      91             110         6.841e-04      8.766e-06      5.697e-03      9.329e-04   
      92             112         6.776e-04      6.523e-06      2.855e-03      2.414e-04   
      93             113         6.714e-04      6.238e-06      5.601e-03      8.394e-04   
      94             114         6.631e-04      8.299e-06      5.540e-03      7.796e-04   
      95             116         6.572e-04      5.899e-06      2.785e-03      1.948e-04   
      96             117         6.509e-04      6.275e-06      5.465e-03      7.127e-04   
      97             119         6.454e-04      5.553e-06      2.747e-03      1.645e-04   
      98             120         6.391e-04      6.294e-06      5.391e-03      6.384e-04   
      99             122         6.338e-04      5.230e-06      2.713e-03      1.463e-04   
      100            123         6.275e-04      6.313e-06      5.323e-03      5.499e-04   
      101            124         6.273e-04      2.416e-07      1.041e-02      2.118e-03   
      102            125         6.081e-04      1.916e-05      2.681e-03      1.750e-04   
      103            126         6.018e-04      6.295e-06      5.193e-03      4.800e-04   
      104            127         5.972e-04      4.639e-06      1.013e-02      1.717e-03   
      105            128         5.820e-04      1.519e-05      9.968e-03      1.543e-03   
      106            129         5.683e-04      1.365e-05      9.878e-03      1.446e-03   
      107            130         5.562e-04      1.211e-05      9.826e-03      1.399e-03   
      108            131         5.459e-04      1.036e-05      9.828e-03      1.792e-03   
      109            132         5.374e-04      8.518e-06      9.891e-03      2.407e-03   
      110            133         5.286e-04      8.785e-06      9.935e-03      2.881e-03   
      111            134         5.150e-04      1.355e-05      9.799e-03      2.644e-03   
      112            135         4.988e-04      1.621e-05      9.452e-03      1.694e-03   
      113            136         4.858e-04      1.297e-05      9.081e-03      9.885e-04   
      114            137         4.784e-04      7.414e-06      1.739e-02      2.789e-03   
      115            138         4.586e-04      1.984e-05      1.683e-02      1.658e-03   
      116            140         4.457e-04      1.286e-05      8.450e-03      3.179e-04   
      117            141         4.365e-04      9.272e-06      1.647e-02      9.024e-04   
      118            142         4.249e-04      1.152e-05      1.638e-02      7.755e-04   
      119            144         4.159e-04      9.029e-06      8.612e-03      2.672e-04   
      120            145         4.088e-04      7.157e-06      1.645e-02      6.170e-04   
      121            146         4.004e-04      8.391e-06      1.659e-02      8.032e-04   
      122            147         3.926e-04      7.730e-06      1.673e-02      9.433e-04   
      123            148         3.878e-04      4.838e-06      1.683e-02      1.182e-03   
      124            149         3.812e-04      6.587e-06      1.679e-02      1.392e-03   
      125            150         3.724e-04      8.809e-06      1.675e-02      1.312e-03   
      126            151         3.662e-04      6.190e-06      1.699e-02      1.133e-03   
      127            153         3.493e-04      1.687e-05      5.467e-03      3.513e-04   
      128            155         3.472e-04      2.175e-06      3.098e-03      1.182e-04   
      129            156         3.460e-04      1.182e-06      5.776e-03      3.055e-04   
      130            157         3.446e-04      1.381e-06      5.912e-03      3.895e-04   
      131            158         3.430e-04      1.610e-06      6.127e-03      4.274e-04   
      132            159         3.416e-04      1.356e-06      6.331e-03      4.810e-04   
      133            160         3.403e-04      1.353e-06      6.531e-03      5.205e-04   
      134            161         3.391e-04      1.195e-06      6.725e-03      5.586e-04   
      135            162         3.346e-04      4.516e-06      1.911e-03      7.626e-05   
      136            163         3.339e-04      6.422e-07      3.761e-03      1.736e-04   
      137            164         3.330e-04      8.999e-07      3.782e-03      1.966e-04   
      138            165         3.320e-04      1.011e-06      3.841e-03      1.925e-04   
      139            166         3.310e-04      9.851e-07      3.894e-03      1.959e-04   
      140            167         3.300e-04      1.018e-06      3.941e-03      1.952e-04   
      141            168         3.290e-04      1.030e-06      3.979e-03      1.940e-04   
      142            169         3.279e-04      1.053e-06      4.003e-03      1.889e-04   
      143            170         3.269e-04      1.066e-06      4.011e-03      1.822e-04   
      144            171         3.258e-04      1.062e-06      3.995e-03      1.792e-04   
      145            172         3.247e-04      1.057e-06      3.961e-03      1.718e-04   
      146            173         3.237e-04      1.036e-06      3.908e-03      1.606e-04   
      147            174         3.227e-04      1.004e-06      3.837e-03      1.462e-04   
      148            176         3.219e-04      7.868e-07      1.975e-03      4.958e-05   
      149            177         3.212e-04      6.828e-07      3.739e-03      1.225e-04   
      150            178         3.203e-04      8.936e-07      3.590e-03      1.180e-04   
      151            180         3.197e-04      6.773e-07      1.840e-03      4.127e-05   
      152            181         3.190e-04      6.363e-07      3.466e-03      1.201e-04   
      153            182         3.182e-04      8.431e-07      3.316e-03      1.229e-04   
      154            184         3.175e-04      6.677e-07      1.698e-03      3.975e-05   
      155            185         3.170e-04      5.481e-07      3.200e-03      1.306e-04   
      156            186         3.161e-04      8.289e-07      3.069e-03      1.313e-04   
      157            187         3.153e-04      7.879e-07      2.995e-03      1.367e-04   
      158            188         3.146e-04      7.929e-07      2.929e-03      1.522e-04   
      159            189         3.138e-04      7.816e-07      2.879e-03      1.675e-04   
      160            190         3.130e-04      7.815e-07      2.845e-03      1.822e-04   
      161            191         3.122e-04      7.786e-07      2.828e-03      1.963e-04   
      162            192         3.114e-04      7.809e-07      2.825e-03      2.091e-04   
      163            193         3.106e-04      7.860e-07      2.834e-03      2.201e-04   
      164            194         3.098e-04      7.966e-07      2.852e-03      2.280e-04   
      165            195         3.090e-04      8.123e-07      2.874e-03      2.319e-04   
      166            196         3.082e-04      8.331e-07      2.895e-03      2.306e-04   
      167            197         3.073e-04      8.563e-07      2.911e-03      2.234e-04   
      168            198         3.065e-04      8.777e-07      2.918e-03      2.102e-04   
      169            199         3.056e-04      8.923e-07      2.913e-03      1.914e-04   
      170            200         3.047e-04      8.961e-07      2.898e-03      1.686e-04   
      171            201         3.038e-04      8.882e-07      2.873e-03      1.436e-04   
      172            202         3.037e-04      7.250e-08      5.164e-03      3.008e-04   
      173            203         3.015e-04      2.189e-06      1.541e-03      2.627e-05   
      174            204         3.009e-04      6.564e-07      2.840e-03      7.626e-05   
      175            205         3.000e-04      8.748e-07      5.042e-03      1.642e-04   
      176            206         2.983e-04      1.731e-06      5.033e-03      1.435e-04   
      177            208         2.969e-04      1.387e-06      2.901e-03      5.946e-05   
      178            209         2.961e-04      7.644e-07      5.279e-03      1.594e-04   
      179            210         2.946e-04      1.546e-06      5.340e-03      1.750e-04   
      180            211         2.935e-04      1.069e-06      5.558e-03      2.207e-04   
      181            212         2.922e-04      1.301e-06      5.671e-03      2.536e-04   
      182            213         2.905e-04      1.738e-06      5.675e-03      2.628e-04   
      183            214         2.879e-04      2.520e-06      5.523e-03      2.339e-04   
      184            215         2.852e-04      2.743e-06      5.290e-03      1.858e-04   
      185            216         2.827e-04      2.501e-06      5.041e-03      1.474e-04   
      186            217         2.805e-04      2.178e-06      4.828e-03      1.139e-04   
      187            218         2.788e-04      1.770e-06      8.546e-03      2.434e-04   
      188            219         2.744e-04      4.330e-06      8.156e-03      1.879e-04   
      189            220         2.710e-04      3.417e-06      1.458e-02      4.196e-04   
      190            221         2.640e-04      6.998e-06      1.351e-02      3.118e-04   
      191            222         2.592e-04      4.802e-06      2.406e-02      5.744e-04   
      192            223         2.490e-04      1.016e-05      2.291e-02      4.859e-04   
      193            224         2.403e-04      8.719e-06      2.295e-02      4.307e-04   
      194            225         2.331e-04      7.190e-06      2.321e-02      3.584e-04   
      195            226         2.266e-04      6.520e-06      2.346e-02      2.916e-04   
      196            227         2.207e-04      5.907e-06      2.348e-02      2.516e-04   
      197            228         2.154e-04      5.324e-06      2.328e-02      2.140e-04   
      198            229         2.106e-04      4.777e-06      2.288e-02      2.202e-04   
      199            230         2.062e-04      4.365e-06      2.231e-02      2.227e-04   
      200            231         2.022e-04      4.003e-06      2.159e-02      2.211e-04   
      201            233         1.992e-04      3.055e-06      1.198e-02      9.906e-05   
      202            234         1.967e-04      2.523e-06      2.020e-02      1.740e-04   
      203            236         1.946e-04      2.063e-06      1.112e-02      1.140e-04   
      204            237         1.925e-04      2.054e-06      1.879e-02      1.857e-04   
      205            238         1.906e-04      1.944e-06      1.784e-02      2.018e-04   
      206            239         1.876e-04      3.013e-06      1.716e-02      1.812e-04   
      207            240         1.846e-04      2.996e-06      1.626e-02      1.650e-04   
      208            241         1.826e-04      2.013e-06      2.767e-02      3.651e-04   
      209            242         1.793e-04      3.261e-06      2.724e-02      3.801e-04   
      210            243         1.765e-04      2.813e-06      2.893e-02      5.525e-04   
      211            245         1.705e-04      6.049e-06      1.362e-02      2.959e-04   
      212            247         1.698e-04      6.512e-07      9.531e-03      2.643e-04   
      213            248         1.669e-04      2.946e-06      9.101e-03      1.716e-04   
      214            249         1.649e-04      1.929e-06      1.453e-02      2.445e-04   
      215            250         1.624e-04      2.555e-06      1.399e-02      3.028e-04   
      216            251         1.607e-04      1.707e-06      1.381e-02      2.301e-04   
      217            253         1.589e-04      1.738e-06      5.219e-03      1.486e-04   
      218            255         1.581e-04      8.375e-07      1.936e-03      8.779e-05   
      219            257         1.578e-04      2.953e-07      1.088e-03      2.730e-05   
      220            258         1.577e-04      1.265e-07      2.009e-03      7.817e-05   
Optimization terminated successfully.
`ftol` condition satisfied. (ftol=1.00e-03)
         Current function value: 1.577e-04
         Total delta_x: 1.386e+00
         Iterations: 220
         Function evaluations: 258
         Jacobian evaluations: 221
Timer: Solution time = 49.8 sec
Timer: Avg time per step = 225 ms
==============================================================================================================
                                                                 Start  -->   End
Total (sum of squares):                                      2.202e-02  -->   1.577e-04, 
Maximum absolute Force error:                                2.990e+08  -->   4.444e+07 (N)
Minimum absolute Force error:                                3.859e+02  -->   7.758e+01 (N)
Average absolute Force error:                                7.007e+06  -->   6.298e+05 (N)
Maximum absolute Force error:                                1.102e-01  -->   1.639e-02 (normalized)
Minimum absolute Force error:                                1.423e-07  -->   2.861e-08 (normalized)
Average absolute Force error:                                2.584e-03  -->   2.322e-04 (normalized)
Cross-section R error:                                       0.000e+00  -->   1.591e-17 (m)
Cross-section Z error:                                       0.000e+00  -->   4.458e-16 (m)
Cross-section λ error:                                       0.000e+00  -->   0.000e+00 (m)
Fixed Psi error:                                             0.000e+00  -->   0.000e+00 (Wb)
Fixed pressure profile error:                                0.000e+00  -->   0.000e+00 (Pa)
Fixed current profile error:                                 0.000e+00  -->   0.000e+00 (A)
Fixed sheet current error:                                   0.000e+00  -->   0.000e+00 (~)
==============================================================================================================



Solving for N=3...


Building objective: force
Precomputing transforms
Timer: Precomputing transforms = 85.8 ms
Timer: Objective build = 364 ms
Building objective: fixed cross-section R
Building objective: fixed cross-section Z
Building objective: fixed cross-section λ
Building objective: fixed Psi
Building objective: fixed pressure
Building objective: fixed current
Building objective: fixed sheet current
Building objective: lambda gauge
Building objective: self_consistency axis R
Building objective: self_consistency axis Z
Building objective: self_consistency section R
Building objective: self_consistency section Z
Building objective: self_consistency section λ
Timer: Objective build = 204 ms
Timer: LinearConstraintProjection build = 3.72 sec
Number of parameters: 1521
Number of objectives: 4940
Timer: Initializing the optimization = 4.37 sec

Starting optimization
Using method: lsq-exact
Solver options:
------------------------------------------------------------
Maximum Function Evaluations       : 1251
Maximum Allowed Total Δx Norm      : inf
Scaled Termination                 : True
Trust Region Method                : qr
Initial Trust Radius               : 4.976e+02
Maximum Trust Radius               : inf
Minimum Trust Radius               : 2.220e-16
Trust Radius Increase Ratio        : 2.000e+00
Trust Radius Decrease Ratio        : 2.500e-01
Trust Radius Increase Threshold    : 7.500e-01
Trust Radius Decrease Threshold    : 2.500e-01
------------------------------------------------------------ 

   Iteration     Total nfev        Cost      Cost reduction    Step norm     Optimality   
       0              1          2.147e-04                                    1.289e-03   
       1              6          1.324e-04      8.232e-05      1.664e-02      2.005e-03   
       2              8          1.123e-04      2.007e-05      7.356e-03      4.152e-04   
       3             10          1.093e-04      3.068e-06      3.544e-03      9.240e-05   
       4             11          1.057e-04      3.550e-06      6.687e-03      3.466e-04   
       5             13          1.035e-04      2.219e-06      3.218e-03      7.215e-05   
       6             14          1.009e-04      2.561e-06      6.151e-03      2.500e-04   
       7             16          9.924e-05      1.709e-06      3.002e-03      5.662e-05   
       8             17          9.730e-05      1.933e-06      5.855e-03      2.304e-04   
       9             19          9.582e-05      1.478e-06      2.902e-03      5.730e-05   
      10             20          9.431e-05      1.519e-06      5.804e-03      2.842e-04   
      11             22          9.297e-05      1.333e-06      2.908e-03      7.669e-05   
      12             23          9.175e-05      1.219e-06      5.906e-03      3.371e-04   
      13             24          9.020e-05      1.556e-06      6.013e-03      3.325e-04   
      14             26          8.904e-05      1.161e-06      3.026e-03      8.943e-05   
      15             27          8.802e-05      1.020e-06      6.195e-03      3.109e-04   
      16             28          8.661e-05      1.410e-06      6.351e-03      2.352e-04   
      17             30          8.574e-05      8.686e-07      3.213e-03      5.830e-05   
      18             31          8.473e-05      1.011e-06      6.568e-03      2.066e-04   
      19             33          8.398e-05      7.450e-07      3.314e-03      5.546e-05   
      20             34          8.304e-05      9.452e-07      6.740e-03      1.925e-04   
      21             36          8.235e-05      6.862e-07      3.386e-03      4.739e-05   
      22             37          8.148e-05      8.732e-07      6.860e-03      1.618e-04   
      23             39          8.082e-05      6.531e-07      3.435e-03      4.075e-05   
      24             40          8.002e-05      8.053e-07      6.938e-03      1.635e-04   
      25             42          7.939e-05      6.290e-07      3.465e-03      4.406e-05   
      26             43          7.865e-05      7.420e-07      6.982e-03      1.678e-04   
      27             45          7.804e-05      6.101e-07      3.481e-03      4.789e-05   
      28             46          7.736e-05      6.817e-07      7.001e-03      1.890e-04   
      29             48          7.676e-05      5.958e-07      3.487e-03      5.116e-05   
      30             49          7.613e-05      6.252e-07      7.001e-03      2.013e-04   
      31             51          7.555e-05      5.841e-07      3.485e-03      5.186e-05   
      32             52          7.498e-05      5.745e-07      6.987e-03      2.078e-04   
      33             53          7.423e-05      7.424e-07      6.971e-03      2.077e-04   
      34             55          7.367e-05      5.617e-07      3.472e-03      5.038e-05   
      35             56          7.317e-05      5.065e-07      6.939e-03      2.060e-04   
      36             57          7.248e-05      6.863e-07      6.913e-03      1.913e-04   
      37             59          7.195e-05      5.338e-07      3.443e-03      4.240e-05   
      38             60          7.149e-05      4.516e-07      6.865e-03      1.788e-04   
      39             61          7.086e-05      6.307e-07      6.828e-03      1.524e-04   
      40             63          7.035e-05      5.084e-07      3.400e-03      3.863e-05   
      41             64          6.996e-05      3.961e-07      6.763e-03      1.403e-04   
      42             65          6.938e-05      5.754e-07      6.713e-03      1.558e-04   
      43             66          6.883e-05      5.578e-07      6.657e-03      1.623e-04   
      44             67          6.829e-05      5.386e-07      6.593e-03      1.679e-04   
      45             68          6.777e-05      5.213e-07      6.523e-03      1.725e-04   
      46             69          6.726e-05      5.049e-07      6.445e-03      1.765e-04   
      47             70          6.677e-05      4.890e-07      6.363e-03      1.794e-04   
      48             71          6.630e-05      4.734e-07      6.276e-03      1.811e-04   
      49             72          6.584e-05      4.580e-07      6.189e-03      1.834e-04   
      50             73          6.540e-05      4.429e-07      6.101e-03      1.846e-04   
      51             74          6.497e-05      4.283e-07      6.016e-03      1.846e-04   
      52             75          6.455e-05      4.140e-07      5.934e-03      1.833e-04   
      53             76          6.415e-05      4.001e-07      5.853e-03      1.806e-04   
      54             77          6.377e-05      3.865e-07      5.774e-03      1.762e-04   
      55             78          6.340e-05      3.731e-07      5.696e-03      1.701e-04   
      56             79          6.304e-05      3.598e-07      5.616e-03      1.740e-04   
      57             80          6.269e-05      3.465e-07      5.533e-03      1.896e-04   
      58             81          6.236e-05      3.333e-07      5.447e-03      2.053e-04   
      59             82          6.204e-05      3.203e-07      5.356e-03      2.211e-04   
      60             83          6.173e-05      3.076e-07      5.262e-03      2.367e-04   
      61             84          6.143e-05      2.955e-07      5.164e-03      2.522e-04   
      62             85          6.115e-05      2.841e-07      5.063e-03      2.768e-04   
      63             86          6.087e-05      2.739e-07      4.961e-03      3.016e-04   
      64             87          6.061e-05      2.651e-07      4.859e-03      3.248e-04   
      65             88          6.035e-05      2.580e-07      4.758e-03      3.457e-04   
      66             89          6.010e-05      2.530e-07      4.662e-03      3.636e-04   
      67             90          5.985e-05      2.499e-07      4.570e-03      3.777e-04   
      68             91          5.960e-05      2.487e-07      4.485e-03      3.877e-04   
      69             92          5.935e-05      2.489e-07      4.408e-03      3.933e-04   
      70             93          5.910e-05      2.500e-07      4.337e-03      4.002e-04   
      71             94          5.885e-05      2.515e-07      4.274e-03      4.062e-04   
      72             95          5.860e-05      2.527e-07      4.218e-03      4.076e-04   
      73             96          5.834e-05      2.533e-07      4.166e-03      4.047e-04   
      74             97          5.809e-05      2.530e-07      4.120e-03      3.983e-04   
      75             98          5.784e-05      2.517e-07      4.078e-03      3.888e-04   
      76             99          5.759e-05      2.494e-07      4.038e-03      3.769e-04   
      77             100         5.734e-05      2.462e-07      4.000e-03      3.629e-04   
      78             101         5.710e-05      2.422e-07      3.964e-03      3.472e-04   
      79             102         5.686e-05      2.376e-07      3.930e-03      3.302e-04   
      80             103         5.663e-05      2.325e-07      3.896e-03      3.120e-04   
      81             104         5.640e-05      2.271e-07      3.863e-03      2.930e-04   
      82             105         5.618e-05      2.214e-07      3.832e-03      2.736e-04   
      83             106         5.597e-05      2.156e-07      3.802e-03      2.539e-04   
      84             107         5.576e-05      2.099e-07      3.773e-03      2.487e-04   
      85             108         5.555e-05      2.042e-07      3.746e-03      2.547e-04   
      86             109         5.535e-05      1.988e-07      3.721e-03      2.606e-04   
      87             110         5.516e-05      1.937e-07      3.697e-03      2.662e-04   
      88             111         5.497e-05      1.890e-07      3.675e-03      2.715e-04   
      89             112         5.479e-05      1.847e-07      3.656e-03      2.764e-04   
      90             113         5.460e-05      1.808e-07      3.638e-03      2.807e-04   
      91             114         5.443e-05      1.773e-07      3.622e-03      2.843e-04   
      92             115         5.425e-05      1.741e-07      3.609e-03      2.871e-04   
      93             116         5.408e-05      1.713e-07      3.597e-03      2.891e-04   
      94             117         5.391e-05      1.687e-07      3.588e-03      2.903e-04   
      95             118         5.375e-05      1.663e-07      3.581e-03      2.907e-04   
      96             119         5.358e-05      1.642e-07      3.576e-03      2.904e-04   
      97             120         5.342e-05      1.622e-07      3.573e-03      2.893e-04   
      98             121         5.326e-05      1.604e-07      3.572e-03      2.877e-04   
      99             122         5.310e-05      1.589e-07      3.571e-03      2.855e-04   
      100            123         5.294e-05      1.576e-07      3.572e-03      2.828e-04   
      101            124         5.279e-05      1.565e-07      3.574e-03      2.797e-04   
      102            125         5.263e-05      1.557e-07      3.576e-03      2.760e-04   
      103            126         5.248e-05      1.549e-07      3.578e-03      2.718e-04   
      104            127         5.232e-05      1.541e-07      3.581e-03      2.668e-04   
      105            128         5.217e-05      1.532e-07      3.584e-03      2.608e-04   
      106            129         5.202e-05      1.521e-07      3.587e-03      2.559e-04   
      107            130         5.187e-05      1.508e-07      3.590e-03      2.507e-04   
      108            131         5.172e-05      1.493e-07      3.594e-03      2.436e-04   
      109            132         5.157e-05      1.477e-07      3.598e-03      2.346e-04   
      110            133         5.142e-05      1.458e-07      3.601e-03      2.236e-04   
      111            134         5.128e-05      1.436e-07      3.603e-03      2.108e-04   
      112            135         5.114e-05      1.410e-07      3.601e-03      1.965e-04   
      113            136         5.100e-05      1.378e-07      3.594e-03      1.812e-04   
      114            137         5.087e-05      1.342e-07      3.583e-03      1.666e-04   
      115            138         5.074e-05      1.306e-07      3.568e-03      1.563e-04   
      116            139         5.061e-05      1.270e-07      3.548e-03      1.467e-04   
      117            140         5.049e-05      1.237e-07      3.524e-03      1.387e-04   
      118            141         5.037e-05      1.206e-07      3.496e-03      1.322e-04   
      119            142         5.025e-05      1.177e-07      3.466e-03      1.266e-04   
      120            143         5.013e-05      1.150e-07      3.432e-03      1.229e-04   
      121            144         5.002e-05      1.124e-07      3.397e-03      1.190e-04   
      122            145         4.991e-05      1.099e-07      3.360e-03      1.150e-04   
      123            146         4.980e-05      1.075e-07      3.322e-03      1.135e-04   
      124            147         4.970e-05      1.051e-07      3.284e-03      1.125e-04   
      125            148         4.959e-05      1.029e-07      3.245e-03      1.108e-04   
      126            149         4.949e-05      1.009e-07      3.207e-03      1.085e-04   
      127            150         4.939e-05      9.900e-08      3.170e-03      1.060e-04   
      128            151         4.930e-05      9.723e-08      3.133e-03      1.032e-04   
      129            153         4.922e-05      8.020e-08      1.565e-03      3.153e-05   
      130            154         4.916e-05      6.041e-08      3.109e-03      1.019e-04   
      131            155         4.906e-05      9.594e-08      3.039e-03      9.354e-05   
      132            157         4.899e-05      7.474e-08      1.521e-03      2.911e-05   
      133            158         4.893e-05      6.003e-08      3.025e-03      9.255e-05   
      134            159         4.883e-05      9.138e-08      2.959e-03      8.397e-05   
      135            161         4.876e-05      7.038e-08      1.481e-03      2.656e-05   
      136            162         4.871e-05      5.902e-08      2.949e-03      8.302e-05   
      137            163         4.862e-05      8.685e-08      2.889e-03      7.342e-05   
      138            165         4.855e-05      6.692e-08      1.447e-03      2.355e-05   
      139            166         4.849e-05      5.711e-08      2.882e-03      6.937e-05   
      140            167         4.841e-05      8.223e-08      2.826e-03      5.988e-05   
      141            169         4.835e-05      6.477e-08      1.417e-03      1.935e-05   
      142            170         4.829e-05      5.380e-08      2.822e-03      6.596e-05   
      143            171         4.822e-05      7.780e-08      2.771e-03      7.195e-05   
      144            172         4.814e-05      7.562e-08      2.759e-03      7.603e-05   
      145            173         4.807e-05      7.459e-08      2.740e-03      8.019e-05   
      146            174         4.799e-05      7.326e-08      2.724e-03      8.414e-05   
      147            175         4.792e-05      7.215e-08      2.709e-03      8.767e-05   
      148            176         4.785e-05      7.115e-08      2.695e-03      9.056e-05   
      149            177         4.778e-05      7.029e-08      2.681e-03      9.266e-05   
      150            178         4.771e-05      6.954e-08      2.667e-03      9.382e-05   
      151            179         4.764e-05      6.889e-08      2.653e-03      9.392e-05   
      152            180         4.757e-05      6.832e-08      2.638e-03      9.287e-05   
      153            181         4.750e-05      6.779e-08      2.621e-03      9.061e-05   
      154            182         4.744e-05      6.726e-08      2.603e-03      8.711e-05   
      155            183         4.737e-05      6.673e-08      2.584e-03      8.237e-05   
      156            184         4.730e-05      6.614e-08      2.563e-03      7.916e-05   
      157            185         4.724e-05      6.548e-08      2.541e-03      8.083e-05   
      158            186         4.717e-05      6.470e-08      2.518e-03      8.156e-05   
      159            187         4.711e-05      6.376e-08      2.494e-03      8.132e-05   
      160            188         4.705e-05      6.264e-08      2.469e-03      8.014e-05   
      161            190         4.700e-05      5.023e-08      1.237e-03      2.335e-05   
      162            191         4.695e-05      4.245e-08      2.444e-03      7.392e-05   
Optimization terminated successfully.
`ftol` condition satisfied. (ftol=1.00e-03)
         Current function value: 4.695e-05
         Total delta_x: 5.953e-01
         Iterations: 162
         Function evaluations: 191
         Jacobian evaluations: 163
Timer: Solution time = 1.26 min
Timer: Avg time per step = 464 ms
==============================================================================================================
                                                                 Start  -->   End
Total (sum of squares):                                      2.147e-04  -->   4.695e-05, 
Maximum absolute Force error:                                4.444e+07  -->   2.044e+07 (N)
Minimum absolute Force error:                                7.761e+01  -->   8.952e+01 (N)
Average absolute Force error:                                7.471e+05  -->   3.310e+05 (N)
Maximum absolute Force error:                                1.639e-02  -->   7.536e-03 (normalized)
Minimum absolute Force error:                                2.862e-08  -->   3.301e-08 (normalized)
Average absolute Force error:                                2.755e-04  -->   1.221e-04 (normalized)
Cross-section R error:                                       0.000e+00  -->   1.591e-17 (m)
Cross-section Z error:                                       0.000e+00  -->   4.458e-16 (m)
Cross-section λ error:                                       0.000e+00  -->   0.000e+00 (m)
Fixed Psi error:                                             0.000e+00  -->   0.000e+00 (Wb)
Fixed pressure profile error:                                0.000e+00  -->   0.000e+00 (Pa)
Fixed current profile error:                                 0.000e+00  -->   0.000e+00 (A)
Fixed sheet current error:                                   0.000e+00  -->   0.000e+00 (~)
==============================================================================================================



Solving for N=4...


Building objective: force
Precomputing transforms
Timer: Precomputing transforms = 91.2 ms
Timer: Objective build = 381 ms
Building objective: fixed cross-section R
Building objective: fixed cross-section Z
Building objective: fixed cross-section λ
Building objective: fixed Psi
Building objective: fixed pressure
Building objective: fixed current
Building objective: fixed sheet current
Building objective: lambda gauge
Building objective: self_consistency axis R
Building objective: self_consistency axis Z
Building objective: self_consistency section R
Building objective: self_consistency section Z
Building objective: self_consistency section λ
Timer: Objective build = 219 ms
Timer: LinearConstraintProjection build = 4.17 sec
Number of parameters: 2028
Number of objectives: 6460
Timer: Initializing the optimization = 4.83 sec

Starting optimization
Using method: lsq-exact
Solver options:
------------------------------------------------------------
Maximum Function Evaluations       : 1251
Maximum Allowed Total Δx Norm      : inf
Scaled Termination                 : True
Trust Region Method                : qr
Initial Trust Radius               : 7.653e+02
Maximum Trust Radius               : inf
Minimum Trust Radius               : 2.220e-16
Trust Radius Increase Ratio        : 2.000e+00
Trust Radius Decrease Ratio        : 2.500e-01
Trust Radius Increase Threshold    : 7.500e-01
Trust Radius Decrease Threshold    : 2.500e-01
------------------------------------------------------------ 

   Iteration     Total nfev        Cost      Cost reduction    Step norm     Optimality   
       0              1          4.867e-05                                    2.619e-04   
       1              7          3.921e-05      9.454e-06      4.609e-03      1.197e-04   
       2              9          3.842e-05      7.962e-07      2.072e-03      3.069e-05   
       3             10          3.772e-05      7.017e-07      4.208e-03      2.021e-04   
       4             12          3.719e-05      5.303e-07      2.043e-03      4.998e-05   
       5             13          3.684e-05      3.488e-07      4.100e-03      2.399e-04   
       6             14          3.638e-05      4.555e-07      4.095e-03      2.546e-04   
       7             15          3.600e-05      3.775e-07      4.164e-03      2.626e-04   
       8             16          3.567e-05      3.389e-07      4.261e-03      2.723e-04   
       9             17          3.535e-05      3.191e-07      4.353e-03      2.845e-04   
      10             18          3.504e-05      3.065e-07      4.422e-03      2.885e-04   
      11             19          3.474e-05      2.966e-07      4.465e-03      2.863e-04   
      12             20          3.446e-05      2.881e-07      4.486e-03      2.798e-04   
      13             21          3.418e-05      2.805e-07      4.488e-03      2.700e-04   
      14             22          3.390e-05      2.735e-07      4.474e-03      2.574e-04   
      15             23          3.364e-05      2.662e-07      4.446e-03      2.423e-04   
      16             24          3.338e-05      2.579e-07      4.406e-03      2.253e-04   
      17             25          3.313e-05      2.479e-07      4.358e-03      2.075e-04   
      18             26          3.289e-05      2.366e-07      4.303e-03      1.897e-04   
      19             27          3.267e-05      2.247e-07      4.243e-03      1.789e-04   
      20             28          3.246e-05      2.131e-07      4.180e-03      1.726e-04   
      21             29          3.225e-05      2.023e-07      4.114e-03      1.676e-04   
      22             30          3.206e-05      1.926e-07      4.048e-03      1.637e-04   
      23             31          3.188e-05      1.842e-07      3.982e-03      1.607e-04   
      24             32          3.170e-05      1.769e-07      3.917e-03      1.583e-04   
      25             33          3.153e-05      1.706e-07      3.853e-03      1.565e-04   
      26             34          3.136e-05      1.652e-07      3.792e-03      1.549e-04   
      27             35          3.120e-05      1.605e-07      3.733e-03      1.531e-04   
      28             36          3.105e-05      1.564e-07      3.677e-03      1.540e-04   
      29             37          3.089e-05      1.528e-07      3.624e-03      1.551e-04   
      30             38          3.074e-05      1.495e-07      3.575e-03      1.541e-04   
      31             39          3.060e-05      1.463e-07      3.528e-03      1.511e-04   
      32             40          3.045e-05      1.431e-07      3.484e-03      1.461e-04   
      33             41          3.031e-05      1.397e-07      3.442e-03      1.396e-04   
      34             42          3.018e-05      1.362e-07      3.402e-03      1.359e-04   
      35             43          3.005e-05      1.326e-07      3.363e-03      1.343e-04   
      36             44          2.992e-05      1.290e-07      3.326e-03      1.327e-04   
      37             45          2.979e-05      1.254e-07      3.289e-03      1.309e-04   
      38             46          2.967e-05      1.220e-07      3.252e-03      1.290e-04   
      39             47          2.955e-05      1.187e-07      3.216e-03      1.268e-04   
      40             48          2.944e-05      1.157e-07      3.180e-03      1.243e-04   
      41             49          2.932e-05      1.128e-07      3.145e-03      1.216e-04   
      42             50          2.921e-05      1.101e-07      3.109e-03      1.188e-04   
      43             51          2.910e-05      1.076e-07      3.074e-03      1.157e-04   
      44             52          2.900e-05      1.052e-07      3.040e-03      1.126e-04   
      45             53          2.890e-05      1.029e-07      3.006e-03      1.093e-04   
      46             54          2.880e-05      1.008e-07      2.972e-03      1.060e-04   
      47             55          2.870e-05      9.886e-08      2.939e-03      1.027e-04   
      48             56          2.860e-05      9.702e-08      2.907e-03      9.937e-05   
      49             57          2.850e-05      9.529e-08      2.875e-03      9.602e-05   
      50             59          2.843e-05      7.573e-08      1.423e-03      2.306e-05   
      51             60          2.837e-05      6.361e-08      2.833e-03      9.220e-05   
      52             61          2.827e-05      9.211e-08      2.798e-03      8.767e-05   
      53             63          2.820e-05      7.077e-08      1.385e-03      2.099e-05   
      54             64          2.814e-05      6.340e-08      2.759e-03      8.487e-05   
      55             65          2.805e-05      8.887e-08      2.727e-03      7.935e-05   
      56             67          2.798e-05      6.679e-08      1.350e-03      1.903e-05   
      57             68          2.792e-05      6.316e-08      2.691e-03      7.751e-05   
      58             69          2.783e-05      8.622e-08      2.661e-03      7.258e-05   
      59             71          2.777e-05      6.341e-08      1.317e-03      1.712e-05   
      60             72          2.771e-05      6.308e-08      2.628e-03      6.952e-05   
      61             73          2.762e-05      8.400e-08      2.601e-03      6.376e-05   
      62             75          2.756e-05      6.030e-08      1.287e-03      1.469e-05   
      63             76          2.750e-05      6.314e-08      2.571e-03      5.911e-05   
      64             78          2.744e-05      5.888e-08      1.270e-03      1.443e-05   
      65             79          2.738e-05      6.312e-08      2.540e-03      5.591e-05   
      66             81          2.732e-05      5.710e-08      1.255e-03      1.402e-05   
      67             82          2.726e-05      6.288e-08      2.512e-03      5.430e-05   
      68             84          2.720e-05      5.552e-08      1.242e-03      1.426e-05   
      69             85          2.714e-05      6.228e-08      2.485e-03      5.782e-05   
      70             87          2.709e-05      5.420e-08      1.229e-03      1.562e-05   
      71             88          2.702e-05      6.130e-08      2.460e-03      6.371e-05   
      72             90          2.697e-05      5.317e-08      1.217e-03      1.748e-05   
      73             91          2.691e-05      5.997e-08      2.436e-03      6.903e-05   
      74             93          2.686e-05      5.237e-08      1.205e-03      1.912e-05   
      75             94          2.680e-05      5.839e-08      2.412e-03      7.359e-05   
      76             96          2.675e-05      5.168e-08      1.194e-03      2.033e-05   
      77             97          2.669e-05      5.670e-08      2.389e-03      7.727e-05   
      78             99          2.664e-05      5.098e-08      1.183e-03      2.109e-05   
      79             100         2.659e-05      5.498e-08      2.366e-03      8.005e-05   
      80             102         2.654e-05      5.020e-08      1.172e-03      2.140e-05   
      81             103         2.648e-05      5.329e-08      2.343e-03      8.205e-05   
      82             105         2.643e-05      4.933e-08      1.160e-03      2.136e-05   
      83             106         2.638e-05      5.163e-08      2.319e-03      8.344e-05   
      84             108         2.633e-05      4.842e-08      1.148e-03      2.132e-05   
      85             109         2.628e-05      4.997e-08      2.294e-03      8.444e-05   
      86             111         2.624e-05      4.753e-08      1.136e-03      2.151e-05   
      87             112         2.619e-05      4.832e-08      2.269e-03      8.523e-05   
      88             114         2.614e-05      4.671e-08      1.124e-03      2.167e-05   
      89             115         2.609e-05      4.667e-08      2.244e-03      8.592e-05   
      90             116         2.603e-05      6.141e-08      2.224e-03      8.482e-05   
      91             118         2.599e-05      4.509e-08      1.104e-03      2.198e-05   
      92             119         2.594e-05      4.396e-08      2.203e-03      8.717e-05   
      93             120         2.589e-05      5.901e-08      2.184e-03      8.595e-05   
      94             122         2.584e-05      4.413e-08      1.085e-03      2.224e-05   
      95             123         2.580e-05      4.145e-08      2.164e-03      8.879e-05   
      96             124         2.574e-05      5.684e-08      2.145e-03      8.775e-05   
      97             126         2.570e-05      4.321e-08      1.066e-03      2.270e-05   
      98             127         2.566e-05      3.923e-08      2.126e-03      9.037e-05   
      99             128         2.561e-05      5.487e-08      2.109e-03      8.887e-05   
      100            130         2.556e-05      4.222e-08      1.049e-03      2.292e-05   
      101            131         2.553e-05      3.735e-08      2.091e-03      9.175e-05   
      102            132         2.547e-05      5.305e-08      2.074e-03      8.965e-05   
      103            134         2.543e-05      4.110e-08      1.032e-03      2.306e-05   
      104            135         2.540e-05      3.582e-08      2.057e-03      9.403e-05   
      105            136         2.534e-05      5.135e-08      2.040e-03      9.131e-05   
      106            138         2.530e-05      3.982e-08      1.016e-03      2.342e-05   
      107            139         2.527e-05      3.462e-08      2.024e-03      9.500e-05   
      108            140         2.522e-05      4.974e-08      2.009e-03      9.170e-05   
      109            142         2.518e-05      3.837e-08      1.000e-03      2.347e-05   
      110            143         2.515e-05      3.371e-08      1.993e-03      9.474e-05   
      111            144         2.510e-05      4.821e-08      1.978e-03      9.093e-05   
      112            146         2.506e-05      3.680e-08      9.852e-04      2.322e-05   
      113            147         2.503e-05      3.304e-08      1.963e-03      9.338e-05   
      114            148         2.498e-05      4.673e-08      1.948e-03      8.913e-05   
      115            150         2.495e-05      3.515e-08      9.709e-04      2.271e-05   
      116            151         2.492e-05      3.253e-08      1.934e-03      9.108e-05   
      117            152         2.487e-05      4.530e-08      1.920e-03      8.645e-05   
      118            154         2.484e-05      3.346e-08      9.570e-04      2.199e-05   
      119            155         2.480e-05      3.213e-08      1.906e-03      8.798e-05   
      120            156         2.476e-05      4.391e-08      1.893e-03      8.306e-05   
      121            158         2.473e-05      3.179e-08      9.437e-04      2.110e-05   
      122            159         2.470e-05      3.178e-08      1.880e-03      8.425e-05   
      123            160         2.465e-05      4.256e-08      1.867e-03      7.911e-05   
      124            162         2.462e-05      3.019e-08      9.308e-04      2.007e-05   
      125            163         2.459e-05      3.143e-08      1.854e-03      8.005e-05   
      126            165         2.456e-05      2.976e-08      9.230e-04      1.927e-05   
      127            166         2.453e-05      3.122e-08      1.839e-03      7.714e-05   
      128            168         2.450e-05      2.885e-08      9.157e-04      1.854e-05   
      129            169         2.447e-05      3.099e-08      1.824e-03      7.423e-05   
      130            171         2.444e-05      2.800e-08      9.085e-04      1.780e-05   
      131            172         2.441e-05      3.073e-08      1.810e-03      7.131e-05   
      132            174         2.439e-05      2.722e-08      9.015e-04      1.706e-05   
      133            175         2.436e-05      3.043e-08      1.796e-03      6.906e-05   
      134            177         2.433e-05      2.649e-08      8.946e-04      1.632e-05   
      135            178         2.430e-05      3.010e-08      1.783e-03      6.855e-05   
      136            180         2.427e-05      2.583e-08      8.880e-04      1.615e-05   
      137            181         2.424e-05      2.973e-08      1.769e-03      6.811e-05   
      138            183         2.422e-05      2.523e-08      8.815e-04      1.607e-05   
      139            184         2.419e-05      2.933e-08      1.757e-03      6.777e-05   
      140            186         2.416e-05      2.469e-08      8.752e-04      1.601e-05   
      141            187         2.414e-05      2.889e-08      1.744e-03      6.753e-05   
      142            189         2.411e-05      2.421e-08      8.690e-04      1.597e-05   
      143            190         2.408e-05      2.841e-08      1.732e-03      6.737e-05   
      144            192         2.406e-05      2.379e-08      8.631e-04      1.596e-05   
Optimization terminated successfully.
`ftol` condition satisfied. (ftol=1.00e-03)
         Current function value: 2.406e-05
         Total delta_x: 3.221e-01
         Iterations: 144
         Function evaluations: 192
         Jacobian evaluations: 145
Timer: Solution time = 2.05 min
Timer: Avg time per step = 849 ms
==============================================================================================================
                                                                 Start  -->   End
Total (sum of squares):                                      4.867e-05  -->   2.406e-05, 
Maximum absolute Force error:                                2.044e+07  -->   1.774e+07 (N)
Minimum absolute Force error:                                2.132e+01  -->   4.374e+01 (N)
Average absolute Force error:                                3.402e+05  -->   2.333e+05 (N)
Maximum absolute Force error:                                7.536e-03  -->   6.542e-03 (normalized)
Minimum absolute Force error:                                7.861e-09  -->   1.613e-08 (normalized)
Average absolute Force error:                                1.254e-04  -->   8.602e-05 (normalized)
Cross-section R error:                                       0.000e+00  -->   1.591e-17 (m)
Cross-section Z error:                                       0.000e+00  -->   4.458e-16 (m)
Cross-section λ error:                                       0.000e+00  -->   0.000e+00 (m)
Fixed Psi error:                                             0.000e+00  -->   0.000e+00 (Wb)
Fixed pressure profile error:                                0.000e+00  -->   0.000e+00 (Pa)
Fixed current profile error:                                 0.000e+00  -->   0.000e+00 (A)
Fixed sheet current error:                                   0.000e+00  -->   0.000e+00 (~)
==============================================================================================================



Solving for N=5...


Building objective: force
Precomputing transforms
Timer: Precomputing transforms = 87.9 ms
Timer: Objective build = 377 ms
Building objective: fixed cross-section R
Building objective: fixed cross-section Z
Building objective: fixed cross-section λ
Building objective: fixed Psi
Building objective: fixed pressure
Building objective: fixed current
Building objective: fixed sheet current
Building objective: lambda gauge
Building objective: self_consistency axis R
Building objective: self_consistency axis Z
Building objective: self_consistency section R
Building objective: self_consistency section Z
Building objective: self_consistency section λ
Timer: Objective build = 217 ms
Timer: LinearConstraintProjection build = 4.02 sec
Number of parameters: 2535
Number of objectives: 7980
Timer: Initializing the optimization = 4.71 sec

Starting optimization
Using method: lsq-exact
Solver options:
------------------------------------------------------------
Maximum Function Evaluations       : 1251
Maximum Allowed Total Δx Norm      : inf
Scaled Termination                 : True
Trust Region Method                : qr
Initial Trust Radius               : 1.908e+03
Maximum Trust Radius               : inf
Minimum Trust Radius               : 2.220e-16
Trust Radius Increase Ratio        : 2.000e+00
Trust Radius Decrease Ratio        : 2.500e-01
Trust Radius Increase Threshold    : 7.500e-01
Trust Radius Decrease Threshold    : 2.500e-01
------------------------------------------------------------ 

   Iteration     Total nfev        Cost      Cost reduction    Step norm     Optimality   
       0              1          2.474e-05                                    3.497e-04   
       1              7          2.206e-05      2.679e-06      7.707e-03      5.101e-04   
       2              9          2.126e-05      8.028e-07      3.997e-03      1.355e-04   
       3             11          2.110e-05      1.609e-07      2.102e-03      3.611e-05   
       4             12          2.095e-05      1.504e-07      4.556e-03      1.663e-04   
       5             13          2.078e-05      1.650e-07      4.810e-03      1.887e-04   
       6             14          2.063e-05      1.479e-07      4.997e-03      2.112e-04   
       7             15          2.049e-05      1.386e-07      5.112e-03      2.299e-04   
       8             16          2.036e-05      1.330e-07      5.181e-03      2.445e-04   
       9             17          2.023e-05      1.293e-07      5.221e-03      2.548e-04   
      10             18          2.011e-05      1.265e-07      5.243e-03      2.612e-04   
      11             19          1.998e-05      1.240e-07      5.255e-03      2.640e-04   
      12             20          1.986e-05      1.216e-07      5.258e-03      2.638e-04   
      13             21          1.974e-05      1.192e-07      5.255e-03      2.612e-04   
      14             22          1.962e-05      1.166e-07      5.248e-03      2.568e-04   
      15             23          1.951e-05      1.140e-07      5.237e-03      2.510e-04   
      16             24          1.940e-05      1.113e-07      5.223e-03      2.440e-04   
      17             25          1.929e-05      1.086e-07      5.207e-03      2.362e-04   
      18             26          1.918e-05      1.060e-07      5.189e-03      2.277e-04   
      19             27          1.908e-05      1.034e-07      5.170e-03      2.187e-04   
      20             28          1.898e-05      1.009e-07      5.151e-03      2.091e-04   
      21             29          1.888e-05      9.834e-08      5.131e-03      1.992e-04   
      22             30          1.879e-05      9.585e-08      5.110e-03      1.890e-04   
      23             31          1.869e-05      9.340e-08      5.088e-03      1.787e-04   
      24             32          1.860e-05      9.099e-08      5.066e-03      1.683e-04   
      25             33          1.851e-05      8.863e-08      5.042e-03      1.580e-04   
      26             34          1.843e-05      8.633e-08      5.016e-03      1.483e-04   
      27             35          1.834e-05      8.411e-08      4.989e-03      1.392e-04   
      28             36          1.826e-05      8.198e-08      4.959e-03      1.304e-04   
      29             37          1.818e-05      7.995e-08      4.927e-03      1.220e-04   
      30             38          1.810e-05      7.802e-08      4.893e-03      1.152e-04   
      31             39          1.803e-05      7.619e-08      4.857e-03      1.101e-04   
      32             40          1.795e-05      7.446e-08      4.819e-03      1.056e-04   
      33             41          1.788e-05      7.284e-08      4.779e-03      1.015e-04   
      34             42          1.781e-05      7.131e-08      4.737e-03      9.770e-05   
      35             43          1.774e-05      6.988e-08      4.693e-03      9.414e-05   
      36             45          1.768e-05      5.598e-08      2.338e-03      2.358e-05   
      37             46          1.764e-05      4.600e-08      4.651e-03      8.933e-05   
      38             47          1.757e-05      6.702e-08      4.573e-03      8.589e-05   
      39             49          1.752e-05      5.168e-08      2.278e-03      2.165e-05   
      40             50          1.747e-05      4.580e-08      4.532e-03      8.158e-05   
      41             51          1.741e-05      6.409e-08      4.455e-03      7.877e-05   
      42             53          1.736e-05      4.823e-08      2.218e-03      1.992e-05   
      43             54          1.731e-05      4.524e-08      4.413e-03      7.465e-05   
      44             55          1.725e-05      6.145e-08      4.337e-03      7.225e-05   
      45             57          1.721e-05      4.528e-08      2.159e-03      1.831e-05   
      46             58          1.716e-05      4.445e-08      4.295e-03      6.824e-05   
      47             59          1.710e-05      5.896e-08      4.220e-03      6.613e-05   
      48             61          1.706e-05      4.266e-08      2.100e-03      1.677e-05   
      49             62          1.702e-05      4.347e-08      4.176e-03      6.223e-05   
      50             64          1.698e-05      4.142e-08      2.063e-03      1.585e-05   
      51             65          1.693e-05      4.280e-08      4.103e-03      5.874e-05   
      52             67          1.689e-05      4.007e-08      2.027e-03      1.498e-05   
      53             68          1.685e-05      4.207e-08      4.031e-03      5.543e-05   
      54             70          1.681e-05      3.883e-08      1.991e-03      1.414e-05   
      55             71          1.677e-05      4.129e-08      3.959e-03      5.223e-05   
      56             73          1.673e-05      3.769e-08      1.956e-03      1.332e-05   
      57             74          1.669e-05      4.048e-08      3.887e-03      4.912e-05   
      58             76          1.666e-05      3.664e-08      1.920e-03      1.251e-05   
      59             77          1.662e-05      3.967e-08      3.815e-03      4.610e-05   
      60             79          1.658e-05      3.566e-08      1.885e-03      1.170e-05   
      61             80          1.654e-05      3.885e-08      3.743e-03      4.320e-05   
      62             82          1.651e-05      3.475e-08      1.849e-03      1.091e-05   
      63             83          1.647e-05      3.804e-08      3.671e-03      4.025e-05   
      64             85          1.644e-05      3.390e-08      1.813e-03      1.011e-05   
      65             86          1.640e-05      3.725e-08      3.599e-03      3.721e-05   
      66             88          1.637e-05      3.311e-08      1.778e-03      9.346e-06   
      67             89          1.633e-05      3.648e-08      3.528e-03      3.738e-05   
      68             91          1.630e-05      3.236e-08      1.743e-03      9.030e-06   
      69             92          1.626e-05      3.574e-08      3.458e-03      3.755e-05   
      70             94          1.623e-05      3.167e-08      1.708e-03      9.120e-06   
      71             95          1.619e-05      3.503e-08      3.388e-03      3.761e-05   
      72             97          1.616e-05      3.101e-08      1.674e-03      9.178e-06   
      73             98          1.613e-05      3.435e-08      3.321e-03      3.752e-05   
      74             100         1.610e-05      3.037e-08      1.641e-03      9.191e-06   
      75             101         1.606e-05      3.373e-08      3.254e-03      3.723e-05   
      76             103         1.603e-05      2.973e-08      1.608e-03      9.145e-06   
      77             104         1.600e-05      3.315e-08      3.190e-03      3.671e-05   
      78             106         1.597e-05      2.908e-08      1.577e-03      9.027e-06   
      79             107         1.594e-05      3.263e-08      3.128e-03      3.589e-05   
      80             109         1.591e-05      2.840e-08      1.547e-03      8.820e-06   
      81             110         1.588e-05      3.216e-08      3.068e-03      3.525e-05   
      82             112         1.585e-05      2.769e-08      1.517e-03      8.733e-06   
      83             113         1.582e-05      3.173e-08      3.011e-03      3.484e-05   
      84             115         1.579e-05      2.693e-08      1.490e-03      8.619e-06   
      85             116         1.576e-05      3.135e-08      2.956e-03      3.427e-05   
      86             118         1.574e-05      2.614e-08      1.463e-03      8.457e-06   
      87             119         1.570e-05      3.098e-08      2.903e-03      3.351e-05   
      88             121         1.568e-05      2.533e-08      1.437e-03      8.245e-06   
      89             122         1.565e-05      3.062e-08      2.852e-03      3.257e-05   
      90             124         1.562e-05      2.453e-08      1.412e-03      7.987e-06   
      91             125         1.559e-05      3.025e-08      2.802e-03      3.147e-05   
      92             127         1.557e-05      2.375e-08      1.388e-03      7.690e-06   
      93             128         1.554e-05      2.986e-08      2.755e-03      3.024e-05   
      94             130         1.552e-05      2.301e-08      1.365e-03      7.365e-06   
      95             131         1.549e-05      2.946e-08      2.708e-03      2.894e-05   
      96             133         1.547e-05      2.233e-08      1.343e-03      7.023e-06   
      97             134         1.544e-05      2.904e-08      2.663e-03      2.766e-05   
      98             136         1.541e-05      2.171e-08      1.321e-03      6.679e-06   
      99             137         1.539e-05      2.861e-08      2.619e-03      2.656e-05   
      100            139         1.537e-05      2.115e-08      1.299e-03      6.404e-06   
      101            140         1.534e-05      2.819e-08      2.576e-03      2.552e-05   
      102            142         1.532e-05      2.064e-08      1.278e-03      6.147e-06   
      103            143         1.529e-05      2.777e-08      2.535e-03      2.456e-05   
      104            145         1.527e-05      2.019e-08      1.259e-03      5.993e-06   
      105            146         1.524e-05      2.736e-08      2.496e-03      2.429e-05   
      106            148         1.522e-05      1.978e-08      1.239e-03      6.066e-06   
      107            149         1.519e-05      2.698e-08      2.458e-03      2.446e-05   
      108            151         1.517e-05      1.940e-08      1.221e-03      6.108e-06   
      109            152         1.515e-05      2.662e-08      2.422e-03      2.465e-05   
      110            153         1.515e-05      5.966e-10      4.717e-03      9.828e-05   
      111            154         1.507e-05      7.834e-08      1.172e-03      6.740e-06   
      112            155         1.504e-05      2.597e-08      2.350e-03      2.471e-05   
      113            156         1.504e-05      2.794e-09      4.581e-03      9.944e-05   
      114            157         1.497e-05      7.355e-08      1.140e-03      7.104e-06   
      115            158         1.494e-05      2.538e-08      2.285e-03      2.505e-05   
      116            159         1.494e-05      4.933e-09      4.463e-03      1.010e-04   
      117            160         1.487e-05      6.919e-08      1.113e-03      7.307e-06   
      118            161         1.484e-05      2.490e-08      2.230e-03      2.540e-05   
      119            162         1.484e-05      7.082e-09      4.362e-03      1.024e-04   
      120            163         1.477e-05      6.519e-08      1.089e-03      6.297e-06   
      121            164         1.475e-05      2.442e-08      2.182e-03      2.569e-05   
      122            165         1.474e-05      9.137e-09      4.274e-03      1.034e-04   
      123            166         1.468e-05      6.142e-08      1.068e-03      6.239e-06   
      124            167         1.465e-05      2.406e-08      2.140e-03      2.589e-05   
      125            168         1.464e-05      1.097e-08      4.197e-03      1.041e-04   
      126            169         1.458e-05      5.805e-08      1.049e-03      6.301e-06   
      127            170         1.456e-05      2.372e-08      2.102e-03      2.599e-05   
      128            171         1.455e-05      1.248e-08      4.127e-03      1.043e-04   
      129            172         1.449e-05      5.511e-08      1.031e-03      6.338e-06   
      130            173         1.447e-05      2.338e-08      2.067e-03      2.598e-05   
      131            174         1.445e-05      1.361e-08      4.061e-03      1.041e-04   
Optimization terminated successfully.
`ftol` condition satisfied. (ftol=1.00e-03)
         Current function value: 1.445e-05
         Total delta_x: 4.149e-01
         Iterations: 131
         Function evaluations: 174
         Jacobian evaluations: 132
Timer: Solution time = 3.03 min
Timer: Avg time per step = 1.37 sec
==============================================================================================================
                                                                 Start  -->   End
Total (sum of squares):                                      2.474e-05  -->   1.445e-05, 
Maximum absolute Force error:                                1.774e+07  -->   1.139e+07 (N)
Minimum absolute Force error:                                4.837e+00  -->   1.665e+01 (N)
Average absolute Force error:                                2.381e+05  -->   1.856e+05 (N)
Maximum absolute Force error:                                6.542e-03  -->   4.200e-03 (normalized)
Minimum absolute Force error:                                1.783e-09  -->   6.139e-09 (normalized)
Average absolute Force error:                                8.781e-05  -->   6.844e-05 (normalized)
Cross-section R error:                                       0.000e+00  -->   1.591e-17 (m)
Cross-section Z error:                                       0.000e+00  -->   4.458e-16 (m)
Cross-section λ error:                                       0.000e+00  -->   0.000e+00 (m)
Fixed Psi error:                                             0.000e+00  -->   0.000e+00 (Wb)
Fixed pressure profile error:                                0.000e+00  -->   0.000e+00 (Pa)
Fixed current profile error:                                 0.000e+00  -->   0.000e+00 (A)
Fixed sheet current error:                                   0.000e+00  -->   0.000e+00 (~)
==============================================================================================================



Solving for N=6...


Building objective: force
Precomputing transforms
Timer: Precomputing transforms = 89.7 ms
Timer: Objective build = 420 ms
Building objective: fixed cross-section R
Building objective: fixed cross-section Z
Building objective: fixed cross-section λ
Building objective: fixed Psi
Building objective: fixed pressure
Building objective: fixed current
Building objective: fixed sheet current
Building objective: lambda gauge
Building objective: self_consistency axis R
Building objective: self_consistency axis Z
Building objective: self_consistency section R
Building objective: self_consistency section Z
Building objective: self_consistency section λ
Timer: Objective build = 223 ms
Timer: LinearConstraintProjection build = 4.57 sec
Number of parameters: 3042
Number of objectives: 9500
Timer: Initializing the optimization = 5.37 sec

Starting optimization
Using method: lsq-exact
Solver options:
------------------------------------------------------------
Maximum Function Evaluations       : 1251
Maximum Allowed Total Δx Norm      : inf
Scaled Termination                 : True
Trust Region Method                : qr
Initial Trust Radius               : 3.301e+03
Maximum Trust Radius               : inf
Minimum Trust Radius               : 2.220e-16
Trust Radius Increase Ratio        : 2.000e+00
Trust Radius Decrease Ratio        : 2.500e-01
Trust Radius Increase Threshold    : 7.500e-01
Trust Radius Decrease Threshold    : 2.500e-01
------------------------------------------------------------ 

   Iteration     Total nfev        Cost      Cost reduction    Step norm     Optimality   
       0              1          1.450e-05                                    1.061e-04   
       1              7          1.374e-05      7.642e-07      1.333e-02      4.222e-04   
       2              9          1.260e-05      1.138e-06      3.127e-03      3.269e-05   
       3             10          1.251e-05      9.076e-08      7.212e-03      1.673e-04   
       4             11          1.237e-05      1.403e-07      7.600e-03      1.939e-04   
       5             12          1.223e-05      1.362e-07      7.853e-03      1.850e-04   
       6             13          1.211e-05      1.282e-07      8.003e-03      1.659e-04   
       7             14          1.199e-05      1.184e-07      8.093e-03      1.481e-04   
       8             15          1.188e-05      1.083e-07      8.144e-03      1.369e-04   
       9             16          1.178e-05      9.919e-08      8.170e-03      1.287e-04   
      10             17          1.169e-05      9.182e-08      8.176e-03      1.246e-04   
      11             18          1.160e-05      8.557e-08      8.164e-03      1.244e-04   
      12             19          1.152e-05      7.938e-08      8.131e-03      1.272e-04   
      13             20          1.145e-05      7.343e-08      8.080e-03      1.316e-04   
      14             21          1.138e-05      6.839e-08      8.015e-03      1.369e-04   
      15             22          1.132e-05      6.426e-08      7.941e-03      1.428e-04   
      16             23          1.126e-05      6.053e-08      7.861e-03      1.494e-04   
      17             24          1.120e-05      5.680e-08      7.775e-03      1.565e-04   
      18             25          1.115e-05      5.293e-08      7.686e-03      1.647e-04   
      19             26          1.110e-05      4.880e-08      7.595e-03      1.746e-04   
      20             27          1.105e-05      4.419e-08      7.503e-03      1.868e-04   
      21             28          1.090e-05      1.566e-07      1.829e-03      1.248e-05   
      22             29          1.088e-05      1.767e-08      3.708e-03      4.554e-05   
      23             30          1.085e-05      2.514e-08      3.684e-03      4.897e-05   
      24             31          1.083e-05      2.461e-08      3.665e-03      5.194e-05   
      25             32          1.081e-05      2.408e-08      3.645e-03      5.498e-05   
      26             33          1.078e-05      2.354e-08      3.623e-03      5.813e-05   
      27             34          1.076e-05      2.301e-08      3.600e-03      6.138e-05   
      28             35          1.074e-05      2.249e-08      3.576e-03      6.471e-05   
      29             36          1.072e-05      2.197e-08      3.549e-03      6.807e-05   
      30             37          1.069e-05      2.147e-08      3.521e-03      7.141e-05   
      31             38          1.067e-05      2.099e-08      3.490e-03      7.467e-05   
      32             39          1.065e-05      2.054e-08      3.457e-03      7.780e-05   
      33             40          1.063e-05      2.012e-08      3.422e-03      8.072e-05   
      34             41          1.061e-05      1.974e-08      3.385e-03      8.339e-05   
      35             42          1.059e-05      1.942e-08      3.346e-03      8.574e-05   
      36             43          1.057e-05      1.915e-08      3.304e-03      8.773e-05   
      37             44          1.055e-05      1.894e-08      3.260e-03      8.933e-05   
      38             45          1.054e-05      1.879e-08      3.215e-03      9.051e-05   
      39             46          1.052e-05      1.868e-08      3.168e-03      9.126e-05   
      40             47          1.050e-05      1.862e-08      3.120e-03      9.158e-05   
      41             48          1.048e-05      1.859e-08      3.071e-03      9.149e-05   
      42             49          1.046e-05      1.858e-08      3.021e-03      9.100e-05   
      43             50          1.044e-05      1.857e-08      2.971e-03      9.014e-05   
      44             51          1.042e-05      1.856e-08      2.920e-03      8.894e-05   
      45             52          1.041e-05      1.854e-08      2.870e-03      8.891e-05   
      46             53          1.039e-05      1.850e-08      2.820e-03      8.880e-05   
      47             54          1.037e-05      1.844e-08      2.771e-03      8.837e-05   
      48             55          1.035e-05      1.836e-08      2.722e-03      8.766e-05   
      49             56          1.033e-05      1.826e-08      2.674e-03      8.670e-05   
      50             57          1.031e-05      1.814e-08      2.628e-03      8.554e-05   
      51             58          1.030e-05      1.801e-08      2.583e-03      8.423e-05   
      52             59          1.028e-05      1.785e-08      2.539e-03      8.278e-05   
      53             60          1.026e-05      1.769e-08      2.496e-03      8.125e-05   
      54             61          1.024e-05      1.752e-08      2.455e-03      7.964e-05   
      55             62          1.023e-05      1.779e-08      2.416e-03      7.721e-05   
      56             63          1.021e-05      1.711e-08      2.378e-03      7.560e-05   
      57             64          1.019e-05      1.694e-08      2.342e-03      7.394e-05   
      58             65          1.017e-05      1.675e-08      2.308e-03      7.230e-05   
      59             66          1.016e-05      1.656e-08      2.275e-03      7.068e-05   
      60             67          1.014e-05      1.637e-08      2.244e-03      6.909e-05   
      61             68          1.013e-05      1.618e-08      2.214e-03      6.753e-05   
      62             69          1.011e-05      1.600e-08      2.187e-03      6.602e-05   
      63             70          1.009e-05      1.581e-08      2.161e-03      6.456e-05   
      64             71          1.008e-05      1.563e-08      2.137e-03      6.316e-05   
      65             72          1.006e-05      1.545e-08      2.114e-03      6.181e-05   
      66             73          1.005e-05      1.528e-08      2.093e-03      6.051e-05   
      67             74          1.003e-05      1.510e-08      2.073e-03      5.928e-05   
      68             75          1.002e-05      1.493e-08      2.055e-03      5.809e-05   
      69             76          1.000e-05      1.477e-08      2.038e-03      5.697e-05   
      70             77          9.988e-06      1.460e-08      2.022e-03      5.590e-05   
      71             78          9.973e-06      1.444e-08      2.008e-03      5.487e-05   
      72             79          9.959e-06      1.429e-08      1.994e-03      5.390e-05   
      73             80          9.945e-06      1.414e-08      1.982e-03      5.296e-05   
      74             81          9.931e-06      1.399e-08      1.971e-03      5.207e-05   
      75             82          9.917e-06      1.385e-08      1.960e-03      5.121e-05   
      76             83          9.903e-06      1.371e-08      1.951e-03      5.082e-05   
      77             84          9.890e-06      1.357e-08      1.942e-03      5.049e-05   
      78             85          9.876e-06      1.344e-08      1.934e-03      5.018e-05   
      79             86          9.863e-06      1.331e-08      1.926e-03      4.989e-05   
      80             87          9.850e-06      1.318e-08      1.919e-03      4.960e-05   
      81             88          9.837e-06      1.306e-08      1.912e-03      4.931e-05   
      82             89          9.824e-06      1.294e-08      1.906e-03      4.903e-05   
      83             90          9.811e-06      1.282e-08      1.900e-03      4.874e-05   
      84             91          9.798e-06      1.270e-08      1.894e-03      4.845e-05   
      85             92          9.786e-06      1.259e-08      1.889e-03      4.815e-05   
      86             93          9.773e-06      1.248e-08      1.883e-03      4.785e-05   
      87             94          9.761e-06      1.237e-08      1.878e-03      4.754e-05   
      88             95          9.749e-06      1.226e-08      1.872e-03      4.722e-05   
      89             96          9.737e-06      1.216e-08      1.867e-03      4.689e-05   
      90             97          9.724e-06      1.205e-08      1.862e-03      4.656e-05   
      91             98          9.713e-06      1.195e-08      1.856e-03      4.622e-05   
      92             99          9.701e-06      1.185e-08      1.851e-03      4.587e-05   
      93             100         9.689e-06      1.175e-08      1.846e-03      4.552e-05   
      94             101         9.677e-06      1.166e-08      1.840e-03      4.516e-05   
      95             102         9.666e-06      1.156e-08      1.834e-03      4.479e-05   
      96             103         9.654e-06      1.147e-08      1.829e-03      4.442e-05   
      97             104         9.643e-06      1.137e-08      1.823e-03      4.404e-05   
      98             105         9.632e-06      1.128e-08      1.817e-03      4.366e-05   
      99             106         9.620e-06      1.119e-08      1.811e-03      4.326e-05   
      100            107         9.609e-06      1.111e-08      1.805e-03      4.284e-05   
      101            108         9.598e-06      1.102e-08      1.799e-03      4.291e-05   
      102            109         9.587e-06      1.094e-08      1.793e-03      4.299e-05   
      103            110         9.576e-06      1.086e-08      1.787e-03      4.306e-05   
      104            111         9.566e-06      1.078e-08      1.781e-03      4.311e-05   
      105            112         9.555e-06      1.070e-08      1.775e-03      4.316e-05   
      106            113         9.544e-06      1.063e-08      1.770e-03      4.319e-05   
      107            114         9.534e-06      1.055e-08      1.764e-03      4.322e-05   
      108            115         9.523e-06      1.048e-08      1.758e-03      4.323e-05   
      109            116         9.513e-06      1.041e-08      1.752e-03      4.323e-05   
      110            117         9.503e-06      1.033e-08      1.747e-03      4.322e-05   
      111            118         9.492e-06      1.026e-08      1.741e-03      4.320e-05   
      112            119         9.482e-06      1.018e-08      1.735e-03      4.316e-05   
      113            120         9.472e-06      1.011e-08      1.730e-03      4.312e-05   
      114            121         9.462e-06      1.004e-08      1.724e-03      4.306e-05   
      115            122         9.452e-06      9.964e-09      1.718e-03      4.300e-05   
      116            123         9.442e-06      9.891e-09      1.713e-03      4.292e-05   
      117            124         9.432e-06      9.819e-09      1.707e-03      4.284e-05   
      118            125         9.423e-06      9.747e-09      1.701e-03      4.275e-05   
      119            126         9.413e-06      9.676e-09      1.696e-03      4.266e-05   
      120            127         9.403e-06      9.606e-09      1.690e-03      4.256e-05   
      121            128         9.394e-06      9.536e-09      1.685e-03      4.245e-05   
      122            129         9.384e-06      9.468e-09      1.679e-03      4.234e-05   
      123            130         9.375e-06      9.401e-09      1.673e-03      4.223e-05   
      124            132         9.367e-06      7.608e-09      8.300e-04      1.032e-05   
Optimization terminated successfully.
`ftol` condition satisfied. (ftol=1.00e-03)
         Current function value: 9.367e-06
         Total delta_x: 3.831e-01
         Iterations: 124
         Function evaluations: 132
         Jacobian evaluations: 125
Timer: Solution time = 3.35 min
Timer: Avg time per step = 1.61 sec
==============================================================================================================
                                                                 Start  -->   End
Total (sum of squares):                                      1.450e-05  -->   9.367e-06, 
Maximum absolute Force error:                                1.139e+07  -->   4.439e+06 (N)
Minimum absolute Force error:                                2.251e+01  -->   1.037e+01 (N)
Average absolute Force error:                                1.859e+05  -->   1.480e+05 (N)
Maximum absolute Force error:                                4.200e-03  -->   1.637e-03 (normalized)
Minimum absolute Force error:                                8.300e-09  -->   3.824e-09 (normalized)
Average absolute Force error:                                6.856e-05  -->   5.457e-05 (normalized)
Cross-section R error:                                       0.000e+00  -->   1.431e-17 (m)
Cross-section Z error:                                       0.000e+00  -->   4.450e-16 (m)
Cross-section λ error:                                       0.000e+00  -->   0.000e+00 (m)
Fixed Psi error:                                             0.000e+00  -->   0.000e+00 (Wb)
Fixed pressure profile error:                                0.000e+00  -->   0.000e+00 (Pa)
Fixed current profile error:                                 0.000e+00  -->   0.000e+00 (A)
Fixed sheet current error:                                   0.000e+00  -->   0.000e+00 (~)
==============================================================================================================



Solving for N=7...


Building objective: force
Precomputing transforms
Timer: Precomputing transforms = 92.1 ms
Timer: Objective build = 455 ms
Building objective: fixed cross-section R
Building objective: fixed cross-section Z
Building objective: fixed cross-section λ
Building objective: fixed Psi
Building objective: fixed pressure
Building objective: fixed current
Building objective: fixed sheet current
Building objective: lambda gauge
Building objective: self_consistency axis R
Building objective: self_consistency axis Z
Building objective: self_consistency section R
Building objective: self_consistency section Z
Building objective: self_consistency section λ
Timer: Objective build = 224 ms
Timer: LinearConstraintProjection build = 5.39 sec
Number of parameters: 3549
Number of objectives: 11020
Timer: Initializing the optimization = 6.31 sec

Starting optimization
Using method: lsq-exact
Solver options:
------------------------------------------------------------
Maximum Function Evaluations       : 1251
Maximum Allowed Total Δx Norm      : inf
Scaled Termination                 : True
Trust Region Method                : qr
Initial Trust Radius               : 3.737e+03
Maximum Trust Radius               : inf
Minimum Trust Radius               : 2.220e-16
Trust Radius Increase Ratio        : 2.000e+00
Trust Radius Decrease Ratio        : 2.500e-01
Trust Radius Increase Threshold    : 7.500e-01
Trust Radius Decrease Threshold    : 2.500e-01
------------------------------------------------------------ 

   Iteration     Total nfev        Cost      Cost reduction    Step norm     Optimality   
       0              1          9.383e-06                                    3.784e-05   
       1              8          9.042e-06      3.414e-07      3.348e-03      6.101e-05   
       2             10          8.976e-06      6.542e-08      1.987e-03      1.748e-05   
       3             11          8.955e-06      2.123e-08      5.046e-03      7.903e-05   
       4             12          8.923e-06      3.227e-08      5.717e-03      1.040e-04   
       5             13          8.894e-06      2.900e-08      6.140e-03      1.197e-04   
       6             14          8.864e-06      3.047e-08      6.396e-03      1.280e-04   
       7             15          8.833e-06      3.098e-08      6.549e-03      1.318e-04   
       8             16          8.729e-06      1.038e-07      1.625e-03      7.860e-06   
       9             17          8.718e-06      1.046e-08      3.338e-03      3.433e-05   
      10             18          8.702e-06      1.621e-08      3.339e-03      3.430e-05   
      11             19          8.687e-06      1.549e-08      3.348e-03      3.544e-05   
      12             20          8.672e-06      1.502e-08      3.350e-03      3.640e-05   
      13             21          8.657e-06      1.460e-08      3.348e-03      3.717e-05   
      14             22          8.643e-06      1.423e-08      3.341e-03      3.775e-05   
      15             23          8.629e-06      1.391e-08      3.330e-03      3.839e-05   
      16             24          8.615e-06      1.362e-08      3.315e-03      3.883e-05   
      17             25          8.602e-06      1.336e-08      3.298e-03      3.909e-05   
      18             26          8.589e-06      1.314e-08      3.279e-03      3.917e-05   
      19             27          8.576e-06      1.294e-08      3.258e-03      3.911e-05   
      20             28          8.563e-06      1.275e-08      3.236e-03      3.892e-05   
      21             29          8.550e-06      1.258e-08      3.213e-03      3.863e-05   
      22             30          8.538e-06      1.242e-08      3.189e-03      3.825e-05   
      23             31          8.526e-06      1.227e-08      3.166e-03      3.779e-05   
      24             32          8.514e-06      1.212e-08      3.142e-03      3.728e-05   
      25             33          8.502e-06      1.197e-08      3.118e-03      3.671e-05   
      26             34          8.490e-06      1.183e-08      3.095e-03      3.611e-05   
      27             35          8.478e-06      1.169e-08      3.072e-03      3.548e-05   
      28             36          8.467e-06      1.156e-08      3.049e-03      3.483e-05   
      29             37          8.455e-06      1.142e-08      3.027e-03      3.417e-05   
      30             38          8.444e-06      1.129e-08      3.005e-03      3.350e-05   
      31             39          8.433e-06      1.117e-08      2.984e-03      3.282e-05   
      32             40          8.422e-06      1.115e-08      2.963e-03      3.183e-05   
      33             41          8.411e-06      1.091e-08      2.943e-03      3.120e-05   
      34             42          8.400e-06      1.079e-08      2.923e-03      3.056e-05   
      35             43          8.389e-06      1.068e-08      2.904e-03      2.993e-05   
      36             44          8.379e-06      1.056e-08      2.886e-03      2.932e-05   
      37             45          8.368e-06      1.045e-08      2.868e-03      2.876e-05   
      38             46          8.358e-06      1.034e-08      2.851e-03      2.866e-05   
      39             47          8.348e-06      1.024e-08      2.834e-03      2.857e-05   
      40             48          8.337e-06      1.013e-08      2.818e-03      2.848e-05   
      41             49          8.327e-06      1.003e-08      2.803e-03      2.839e-05   
      42             50          8.317e-06      9.930e-09      2.788e-03      2.830e-05   
      43             51          8.308e-06      9.832e-09      2.774e-03      2.887e-05   
      44             52          8.298e-06      9.737e-09      2.761e-03      2.978e-05   
      45             53          8.288e-06      9.643e-09      2.748e-03      3.065e-05   
      46             54          8.279e-06      9.550e-09      2.735e-03      3.146e-05   
      47             55          8.269e-06      9.460e-09      2.723e-03      3.221e-05   
      48             56          8.260e-06      9.370e-09      2.712e-03      3.290e-05   
      49             57          8.251e-06      9.283e-09      2.700e-03      3.352e-05   
      50             58          8.241e-06      9.196e-09      2.689e-03      3.407e-05   
      51             59          8.232e-06      9.111e-09      2.679e-03      3.464e-05   
      52             60          8.223e-06      9.026e-09      2.668e-03      3.516e-05   
      53             61          8.214e-06      8.943e-09      2.657e-03      3.563e-05   
      54             62          8.205e-06      8.860e-09      2.647e-03      3.604e-05   
      55             63          8.197e-06      8.779e-09      2.636e-03      3.640e-05   
      56             64          8.188e-06      8.698e-09      2.625e-03      3.670e-05   
      57             65          8.179e-06      8.619e-09      2.614e-03      3.695e-05   
      58             66          8.171e-06      8.540e-09      2.603e-03      3.715e-05   
      59             67          8.162e-06      8.462e-09      2.591e-03      3.730e-05   
      60             68          8.154e-06      8.385e-09      2.580e-03      3.740e-05   
      61             69          8.146e-06      8.309e-09      2.568e-03      3.745e-05   
      62             70          8.137e-06      8.234e-09      2.556e-03      3.746e-05   
      63             71          8.129e-06      8.160e-09      2.544e-03      3.743e-05   
      64             72          8.121e-06      8.086e-09      2.531e-03      3.736e-05   
Optimization terminated successfully.
`ftol` condition satisfied. (ftol=1.00e-03)
         Current function value: 8.121e-06
         Total delta_x: 1.990e-01
         Iterations: 64
         Function evaluations: 72
         Jacobian evaluations: 65
Timer: Solution time = 2.71 min
Timer: Avg time per step = 2.50 sec
==============================================================================================================
                                                                 Start  -->   End
Total (sum of squares):                                      9.383e-06  -->   8.121e-06, 
Maximum absolute Force error:                                4.566e+06  -->   3.590e+06 (N)
Minimum absolute Force error:                                5.534e+00  -->   1.467e+01 (N)
Average absolute Force error:                                1.482e+05  -->   1.366e+05 (N)
Maximum absolute Force error:                                1.684e-03  -->   1.324e-03 (normalized)
Minimum absolute Force error:                                2.041e-09  -->   5.409e-09 (normalized)
Average absolute Force error:                                5.465e-05  -->   5.038e-05 (normalized)
Cross-section R error:                                       0.000e+00  -->   1.431e-17 (m)
Cross-section Z error:                                       0.000e+00  -->   4.450e-16 (m)
Cross-section λ error:                                       0.000e+00  -->   0.000e+00 (m)
Fixed Psi error:                                             0.000e+00  -->   0.000e+00 (Wb)
Fixed pressure profile error:                                0.000e+00  -->   0.000e+00 (Pa)
Fixed current profile error:                                 0.000e+00  -->   0.000e+00 (A)
Fixed sheet current error:                                   0.000e+00  -->   0.000e+00 (~)
==============================================================================================================



Solving for N=8...


Building objective: force
Precomputing transforms
Timer: Precomputing transforms = 86.2 ms
Timer: Objective build = 431 ms
Building objective: fixed cross-section R
Building objective: fixed cross-section Z
Building objective: fixed cross-section λ
Building objective: fixed Psi
Building objective: fixed pressure
Building objective: fixed current
Building objective: fixed sheet current
Building objective: lambda gauge
Building objective: self_consistency axis R
Building objective: self_consistency axis Z
Building objective: self_consistency section R
Building objective: self_consistency section Z
Building objective: self_consistency section λ
Timer: Objective build = 202 ms
Timer: LinearConstraintProjection build = 6.24 sec
Number of parameters: 4056
Number of objectives: 12540
Timer: Initializing the optimization = 7.22 sec

Starting optimization
Using method: lsq-exact
Solver options:
------------------------------------------------------------
Maximum Function Evaluations       : 1251
Maximum Allowed Total Δx Norm      : inf
Scaled Termination                 : True
Trust Region Method                : qr
Initial Trust Radius               : 4.291e+03
Maximum Trust Radius               : inf
Minimum Trust Radius               : 2.220e-16
Trust Radius Increase Ratio        : 2.000e+00
Trust Radius Decrease Ratio        : 2.500e-01
Trust Radius Increase Threshold    : 7.500e-01
Trust Radius Decrease Threshold    : 2.500e-01
------------------------------------------------------------ 

   Iteration     Total nfev        Cost      Cost reduction    Step norm     Optimality   
       0              1          8.122e-06                                    3.736e-05   
       1              8          8.065e-06      5.716e-08      5.058e-03      1.398e-04   
       2              9          8.033e-06      3.172e-08      7.020e-03      1.601e-04   
       3             10          7.865e-06      1.686e-07      1.834e-03      9.947e-06   
       4             11          7.855e-06      9.599e-09      3.947e-03      4.397e-05   
       5             12          7.839e-06      1.595e-08      4.087e-03      4.762e-05   
       6             13          7.824e-06      1.498e-08      4.176e-03      5.423e-05   
       7             14          7.810e-06      1.436e-08      4.226e-03      5.790e-05   
       8             15          7.796e-06      1.394e-08      4.249e-03      5.947e-05   
       9             16          7.782e-06      1.366e-08      4.255e-03      5.957e-05   
      10             17          7.769e-06      1.347e-08      4.250e-03      5.860e-05   
      11             18          7.755e-06      1.334e-08      4.239e-03      5.765e-05   
      12             19          7.742e-06      1.324e-08      4.223e-03      5.982e-05   
      13             20          7.729e-06      1.314e-08      4.205e-03      6.184e-05   
      14             21          7.716e-06      1.304e-08      4.186e-03      6.347e-05   
      15             22          7.703e-06      1.293e-08      4.166e-03      6.473e-05   
      16             23          7.690e-06      1.282e-08      4.147e-03      6.566e-05   
      17             24          7.677e-06      1.270e-08      4.129e-03      6.627e-05   
      18             25          7.665e-06      1.257e-08      4.111e-03      6.660e-05   
      19             26          7.652e-06      1.244e-08      4.093e-03      6.669e-05   
      20             27          7.640e-06      1.231e-08      4.076e-03      6.657e-05   
      21             28          7.628e-06      1.217e-08      4.060e-03      6.629e-05   
      22             29          7.616e-06      1.204e-08      4.043e-03      6.589e-05   
      23             30          7.604e-06      1.190e-08      4.027e-03      6.541e-05   
      24             31          7.592e-06      1.177e-08      4.010e-03      6.489e-05   
      25             32          7.581e-06      1.164e-08      3.992e-03      6.437e-05   
      26             33          7.569e-06      1.150e-08      3.974e-03      6.386e-05   
      27             34          7.558e-06      1.137e-08      3.955e-03      6.337e-05   
      28             35          7.546e-06      1.124e-08      3.934e-03      6.291e-05   
      29             36          7.535e-06      1.112e-08      3.913e-03      6.246e-05   
      30             37          7.524e-06      1.099e-08      3.891e-03      6.204e-05   
      31             38          7.513e-06      1.087e-08      3.868e-03      6.162e-05   
      32             39          7.503e-06      1.076e-08      3.843e-03      6.119e-05   
      33             40          7.492e-06      1.084e-08      3.818e-03      6.014e-05   
      34             41          7.481e-06      1.052e-08      3.792e-03      5.971e-05   
      35             42          7.471e-06      1.042e-08      3.766e-03      5.925e-05   
      36             43          7.461e-06      1.032e-08      3.738e-03      5.876e-05   
      37             44          7.450e-06      1.021e-08      3.710e-03      5.824e-05   
      38             45          7.440e-06      1.011e-08      3.681e-03      5.770e-05   
      39             46          7.430e-06      1.001e-08      3.652e-03      5.714e-05   
      40             47          7.420e-06      9.919e-09      3.623e-03      5.656e-05   
      41             48          7.411e-06      9.824e-09      3.593e-03      5.597e-05   
      42             49          7.401e-06      9.732e-09      3.563e-03      5.537e-05   
      43             50          7.391e-06      9.641e-09      3.533e-03      5.476e-05   
      44             51          7.382e-06      9.552e-09      3.502e-03      5.415e-05   
      45             52          7.372e-06      9.465e-09      3.472e-03      5.355e-05   
      46             53          7.363e-06      9.380e-09      3.441e-03      5.295e-05   
      47             54          7.353e-06      9.296e-09      3.410e-03      5.237e-05   
      48             55          7.344e-06      9.215e-09      3.380e-03      5.180e-05   
      49             56          7.335e-06      9.135e-09      3.349e-03      5.125e-05   
      50             57          7.326e-06      9.057e-09      3.319e-03      5.072e-05   
      51             58          7.317e-06      8.981e-09      3.289e-03      5.022e-05   
      52             59          7.308e-06      8.907e-09      3.259e-03      4.976e-05   
      53             60          7.299e-06      8.835e-09      3.230e-03      4.933e-05   
      54             61          7.291e-06      8.765e-09      3.201e-03      4.894e-05   
      55             62          7.282e-06      8.697e-09      3.172e-03      4.860e-05   
      56             63          7.273e-06      8.631e-09      3.143e-03      4.829e-05   
      57             64          7.265e-06      8.568e-09      3.116e-03      4.804e-05   
      58             65          7.256e-06      8.506e-09      3.088e-03      4.783e-05   
      59             66          7.248e-06      8.446e-09      3.061e-03      4.767e-05   
      60             67          7.239e-06      8.389e-09      3.035e-03      4.755e-05   
      61             68          7.231e-06      8.334e-09      3.009e-03      4.748e-05   
      62             69          7.223e-06      8.282e-09      2.984e-03      4.745e-05   
      63             70          7.214e-06      8.232e-09      2.960e-03      4.746e-05   
      64             71          7.206e-06      8.184e-09      2.936e-03      4.749e-05   
      65             72          7.198e-06      8.139e-09      2.913e-03      4.755e-05   
      66             73          7.190e-06      8.097e-09      2.890e-03      4.763e-05   
      67             74          7.182e-06      8.057e-09      2.868e-03      4.770e-05   
      68             75          7.174e-06      8.020e-09      2.847e-03      4.777e-05   
      69             76          7.166e-06      7.985e-09      2.826e-03      4.781e-05   
      70             77          7.158e-06      7.953e-09      2.806e-03      4.782e-05   
      71             78          7.150e-06      7.922e-09      2.787e-03      4.777e-05   
      72             79          7.142e-06      7.894e-09      2.768e-03      4.767e-05   
      73             80          7.134e-06      7.866e-09      2.751e-03      4.748e-05   
      74             81          7.126e-06      7.839e-09      2.733e-03      4.721e-05   
      75             82          7.119e-06      7.811e-09      2.717e-03      4.685e-05   
      76             83          7.111e-06      7.782e-09      2.702e-03      4.639e-05   
      77             84          7.103e-06      7.751e-09      2.687e-03      4.583e-05   
      78             85          7.095e-06      7.718e-09      2.673e-03      4.517e-05   
      79             86          7.088e-06      7.681e-09      2.660e-03      4.443e-05   
      80             87          7.080e-06      7.641e-09      2.647e-03      4.361e-05   
      81             88          7.073e-06      7.597e-09      2.634e-03      4.273e-05   
      82             89          7.065e-06      7.549e-09      2.622e-03      4.181e-05   
      83             90          7.057e-06      7.498e-09      2.610e-03      4.085e-05   
      84             91          7.050e-06      7.443e-09      2.598e-03      3.988e-05   
      85             92          7.043e-06      7.386e-09      2.586e-03      3.891e-05   
      86             93          7.035e-06      7.327e-09      2.574e-03      3.795e-05   
      87             94          7.028e-06      7.265e-09      2.561e-03      3.701e-05   
      88             95          7.021e-06      7.203e-09      2.548e-03      3.670e-05   
      89             96          7.014e-06      7.140e-09      2.535e-03      3.644e-05   
      90             97          7.007e-06      7.076e-09      2.522e-03      3.616e-05   
      91             98          7.000e-06      7.012e-09      2.508e-03      3.586e-05   
      92             99          6.993e-06      6.949e-09      2.494e-03      3.556e-05   
Optimization terminated successfully.
`ftol` condition satisfied. (ftol=1.00e-03)
         Current function value: 6.993e-06
         Total delta_x: 3.130e-01
         Iterations: 92
         Function evaluations: 99
         Jacobian evaluations: 93
Timer: Solution time = 4.83 min
Timer: Avg time per step = 3.12 sec
==============================================================================================================
                                                                 Start  -->   End
Total (sum of squares):                                      8.122e-06  -->   6.993e-06, 
Maximum absolute Force error:                                3.574e+06  -->   3.282e+06 (N)
Minimum absolute Force error:                                1.260e+01  -->   5.068e-02 (N)
Average absolute Force error:                                1.367e+05  -->   1.267e+05 (N)
Maximum absolute Force error:                                1.318e-03  -->   1.210e-03 (normalized)
Minimum absolute Force error:                                4.648e-09  -->   1.869e-11 (normalized)
Average absolute Force error:                                5.042e-05  -->   4.671e-05 (normalized)
Cross-section R error:                                       0.000e+00  -->   1.430e-17 (m)
Cross-section Z error:                                       0.000e+00  -->   2.776e-17 (m)
Cross-section λ error:                                       0.000e+00  -->   0.000e+00 (m)
Fixed Psi error:                                             0.000e+00  -->   0.000e+00 (Wb)
Fixed pressure profile error:                                0.000e+00  -->   0.000e+00 (Pa)
Fixed current profile error:                                 0.000e+00  -->   0.000e+00 (A)
Fixed sheet current error:                                   0.000e+00  -->   0.000e+00 (~)
==============================================================================================================

Force error eq_lcfs: 4.3709e-04
Force error eq_poin: 1.5037e-03
